image_path,is_flooded
FloodNet_dataset/train/image/7951.jpg,0
FloodNet_dataset/train/image/7178.jpg,0
FloodNet_dataset/train/image/7606.jpg,1
FloodNet_dataset/train/image/7752.jpg,1
FloodNet_dataset/train/image/7727.jpg,0
FloodNet_dataset/train/image/6676.jpg,0
FloodNet_dataset/train/image/6678.jpg,0
FloodNet_dataset/train/image/7244.jpg,1
FloodNet_dataset/train/image/6451.jpg,1
FloodNet_dataset/train/image/8068.jpg,0
FloodNet_dataset/train/image/8344.jpg,0
FloodNet_dataset/train/image/6443.jpg,0
FloodNet_dataset/train/image/8498.jpg,0
FloodNet_dataset/train/image/8966.jpg,1
FloodNet_dataset/train/image/8785.jpg,0
FloodNet_dataset/train/image/6614.jpg,0
FloodNet_dataset/train/image/6540.jpg,0
FloodNet_dataset/train/image/7022.jpg,0
FloodNet_dataset/train/image/10835.jpg,1
FloodNet_dataset/train/image/8393.jpg,0
FloodNet_dataset/train/image/7025.jpg,0
FloodNet_dataset/train/image/6743.jpg,1
FloodNet_dataset/train/image/8286.jpg,0
FloodNet_dataset/train/image/9043.jpg,0
FloodNet_dataset/train/image/7374.jpg,1
FloodNet_dataset/train/image/7896.jpg,0
FloodNet_dataset/train/image/6974.jpg,0
FloodNet_dataset/train/image/8975.jpg,1
FloodNet_dataset/train/image/6369.jpg,0
FloodNet_dataset/train/image/8504.jpg,0
FloodNet_dataset/train/image/8207.jpg,0
FloodNet_dataset/train/image/7118.jpg,0
FloodNet_dataset/train/image/7979.jpg,0
FloodNet_dataset/train/image/7571.jpg,1
FloodNet_dataset/train/image/7602.jpg,1
FloodNet_dataset/train/image/9062.jpg,0
FloodNet_dataset/train/image/7862.jpg,1
FloodNet_dataset/train/image/6403.jpg,0
FloodNet_dataset/train/image/6654.jpg,0
FloodNet_dataset/train/image/9069.jpg,0
FloodNet_dataset/train/image/6714.jpg,1
FloodNet_dataset/train/image/9287.jpg,0
FloodNet_dataset/train/image/7188.jpg,0
FloodNet_dataset/train/image/7292.jpg,1
FloodNet_dataset/train/image/7305.jpg,0
FloodNet_dataset/train/image/9875.jpg,0
FloodNet_dataset/train/image/9000.jpg,0
FloodNet_dataset/train/image/6408.jpg,0
FloodNet_dataset/train/image/9511.jpg,1
FloodNet_dataset/train/image/7176.jpg,0
FloodNet_dataset/train/image/8164.jpg,0
FloodNet_dataset/train/image/8408.jpg,0
FloodNet_dataset/train/image/8311.jpg,0
FloodNet_dataset/train/image/7182.jpg,0
FloodNet_dataset/train/image/7648.jpg,0
FloodNet_dataset/train/image/8261.jpg,0
FloodNet_dataset/train/image/7427.jpg,1
FloodNet_dataset/train/image/8131.jpg,0
FloodNet_dataset/train/image/6348.jpg,0
FloodNet_dataset/train/image/10834.jpg,0
FloodNet_dataset/train/image/6909.jpg,0
FloodNet_dataset/train/image/6510.jpg,0
FloodNet_dataset/train/image/8820.jpg,0
FloodNet_dataset/train/image/8437.jpg,0
FloodNet_dataset/train/image/6373.jpg,0
FloodNet_dataset/train/image/7109.jpg,0
FloodNet_dataset/train/image/8221.jpg,0
FloodNet_dataset/train/image/7100.jpg,0
FloodNet_dataset/train/image/8024.jpg,0
FloodNet_dataset/train/image/6447.jpg,1
FloodNet_dataset/train/image/8020.jpg,0
FloodNet_dataset/train/image/7083.jpg,0
FloodNet_dataset/train/image/8173.jpg,0
FloodNet_dataset/train/image/6499.jpg,0
FloodNet_dataset/train/image/9103.jpg,0
FloodNet_dataset/train/image/8962.jpg,1
FloodNet_dataset/train/image/7665.jpg,0
FloodNet_dataset/train/image/9546.jpg,0
FloodNet_dataset/train/image/9064.jpg,0
FloodNet_dataset/train/image/8371.jpg,0
FloodNet_dataset/train/image/7864.jpg,1
FloodNet_dataset/train/image/7121.jpg,0
FloodNet_dataset/train/image/7879.jpg,0
FloodNet_dataset/train/image/8137.jpg,0
FloodNet_dataset/train/image/8260.jpg,0
FloodNet_dataset/train/image/8217.jpg,0
FloodNet_dataset/train/image/6742.jpg,1
FloodNet_dataset/train/image/8916.jpg,0
FloodNet_dataset/train/image/7363.jpg,1
FloodNet_dataset/train/image/7582.jpg,1
FloodNet_dataset/train/image/8473.jpg,0
FloodNet_dataset/train/image/10820.jpg,0
FloodNet_dataset/train/image/8029.jpg,0
FloodNet_dataset/train/image/7449.jpg,1
FloodNet_dataset/train/image/6603.jpg,1
FloodNet_dataset/train/image/8096.jpg,0
FloodNet_dataset/train/image/6646.jpg,0
FloodNet_dataset/train/image/8510.jpg,0
FloodNet_dataset/train/image/7428.jpg,1
FloodNet_dataset/train/image/6453.jpg,1
FloodNet_dataset/train/image/7722.jpg,1
FloodNet_dataset/train/image/8083.jpg,0
FloodNet_dataset/train/image/7319.jpg,1
FloodNet_dataset/train/image/7685.jpg,0
FloodNet_dataset/train/image/9105.jpg,0
FloodNet_dataset/train/image/7055.jpg,0
FloodNet_dataset/train/image/7096.jpg,0
FloodNet_dataset/train/image/7199.jpg,0
FloodNet_dataset/train/image/6437.jpg,0
FloodNet_dataset/train/image/9892.jpg,0
FloodNet_dataset/train/image/6818.jpg,0
FloodNet_dataset/train/image/7475.jpg,1
FloodNet_dataset/train/image/9085.jpg,0
FloodNet_dataset/train/image/8166.jpg,0
FloodNet_dataset/train/image/7021.jpg,0
FloodNet_dataset/train/image/6648.jpg,0
FloodNet_dataset/train/image/6685.jpg,0
FloodNet_dataset/train/image/7600.jpg,1
FloodNet_dataset/train/image/7189.jpg,0
FloodNet_dataset/train/image/6574.jpg,0
FloodNet_dataset/train/image/8175.jpg,0
FloodNet_dataset/train/image/6839.jpg,0
FloodNet_dataset/train/image/7725.jpg,1
FloodNet_dataset/train/image/9071.jpg,0
FloodNet_dataset/train/image/10179.jpg,0
FloodNet_dataset/train/image/8037.jpg,0
FloodNet_dataset/train/image/7210.jpg,0
FloodNet_dataset/train/image/6387.jpg,0
FloodNet_dataset/train/image/9059.jpg,0
FloodNet_dataset/train/image/8056.jpg,0
FloodNet_dataset/train/image/8003.jpg,0
FloodNet_dataset/train/image/7924.jpg,0
FloodNet_dataset/train/image/8352.jpg,0
FloodNet_dataset/train/image/8924.jpg,0
FloodNet_dataset/train/image/8900.jpg,0
FloodNet_dataset/train/image/7065.jpg,0
FloodNet_dataset/train/image/8247.jpg,0
FloodNet_dataset/train/image/7646.jpg,0
FloodNet_dataset/train/image/7659.jpg,0
FloodNet_dataset/train/image/9088.jpg,0
FloodNet_dataset/train/image/9086.jpg,0
FloodNet_dataset/train/image/7789.jpg,1
FloodNet_dataset/train/image/10810.jpg,0
FloodNet_dataset/train/image/7251.jpg,1
FloodNet_dataset/train/image/8538.jpg,0
FloodNet_dataset/train/image/6798.jpg,0
FloodNet_dataset/train/image/7751.jpg,1
FloodNet_dataset/train/image/7902.jpg,0
FloodNet_dataset/train/image/8288.jpg,0
FloodNet_dataset/train/image/7144.jpg,0
FloodNet_dataset/train/image/6913.jpg,0
FloodNet_dataset/train/image/6556.jpg,0
FloodNet_dataset/train/image/8167.jpg,0
FloodNet_dataset/train/image/8278.jpg,0
FloodNet_dataset/train/image/6625.jpg,0
FloodNet_dataset/train/image/7726.jpg,0
FloodNet_dataset/train/image/7187.jpg,0
FloodNet_dataset/train/image/9880.jpg,0
FloodNet_dataset/train/image/7917.jpg,0
FloodNet_dataset/train/image/6525.jpg,0
FloodNet_dataset/train/image/8599.jpg,0
FloodNet_dataset/train/image/8142.jpg,0
FloodNet_dataset/train/image/6969.jpg,0
FloodNet_dataset/train/image/7000.jpg,0
FloodNet_dataset/train/image/7728.jpg,0
FloodNet_dataset/train/image/7278.jpg,1
FloodNet_dataset/train/image/6849.jpg,0
FloodNet_dataset/train/image/7458.jpg,1
FloodNet_dataset/train/image/8506.jpg,0
FloodNet_dataset/train/image/7091.jpg,0
FloodNet_dataset/train/image/8638.jpg,0
FloodNet_dataset/train/image/6546.jpg,0
FloodNet_dataset/train/image/8479.jpg,0
FloodNet_dataset/train/image/7975.jpg,0
FloodNet_dataset/train/image/8280.jpg,0
FloodNet_dataset/train/image/8392.jpg,0
FloodNet_dataset/train/image/7945.jpg,0
FloodNet_dataset/train/image/7481.jpg,0
FloodNet_dataset/train/image/8588.jpg,0
FloodNet_dataset/train/image/8594.jpg,0
FloodNet_dataset/train/image/8659.jpg,0
FloodNet_dataset/train/image/6918.jpg,0
FloodNet_dataset/train/image/9115.jpg,0
FloodNet_dataset/train/image/8275.jpg,0
FloodNet_dataset/train/image/7753.jpg,1
FloodNet_dataset/train/image/7603.jpg,1
FloodNet_dataset/train/image/7884.jpg,0
FloodNet_dataset/train/image/6346.jpg,0
FloodNet_dataset/train/image/9003.jpg,0
FloodNet_dataset/train/image/6616.jpg,1
FloodNet_dataset/train/image/6368.jpg,0
FloodNet_dataset/train/image/6670.jpg,0
FloodNet_dataset/train/image/7436.jpg,1
FloodNet_dataset/train/image/6657.jpg,0
FloodNet_dataset/train/image/8430.jpg,0
FloodNet_dataset/train/image/7907.jpg,0
FloodNet_dataset/train/image/6549.jpg,0
FloodNet_dataset/train/image/8465.jpg,1
FloodNet_dataset/train/image/7842.jpg,0
FloodNet_dataset/train/image/6505.jpg,0
FloodNet_dataset/train/image/6560.jpg,0
FloodNet_dataset/train/image/7270.jpg,1
FloodNet_dataset/train/image/6860.jpg,0
FloodNet_dataset/train/image/6496.jpg,0
FloodNet_dataset/train/image/9278.jpg,0
FloodNet_dataset/train/image/6415.jpg,0
FloodNet_dataset/train/image/6719.jpg,1
FloodNet_dataset/train/image/8522.jpg,0
FloodNet_dataset/train/image/8122.jpg,0
FloodNet_dataset/train/image/7784.jpg,0
FloodNet_dataset/train/image/7489.jpg,1
FloodNet_dataset/train/image/7226.jpg,0
FloodNet_dataset/train/image/10825.jpg,0
FloodNet_dataset/train/image/8228.jpg,0
FloodNet_dataset/train/image/6832.jpg,0
FloodNet_dataset/train/image/6746.jpg,1
FloodNet_dataset/train/image/8093.jpg,0
FloodNet_dataset/train/image/8109.jpg,0
FloodNet_dataset/train/image/6710.jpg,1
FloodNet_dataset/train/image/8419.jpg,0
FloodNet_dataset/train/image/6708.jpg,0
FloodNet_dataset/train/image/6361.jpg,0
FloodNet_dataset/train/image/7609.jpg,1
FloodNet_dataset/train/image/6484.jpg,1
FloodNet_dataset/train/image/7236.jpg,0
FloodNet_dataset/train/image/8074.jpg,0
FloodNet_dataset/train/image/8805.jpg,0
FloodNet_dataset/train/image/6807.jpg,0
FloodNet_dataset/train/image/9718.jpg,0
FloodNet_dataset/train/image/10171.jpg,0
FloodNet_dataset/train/image/10836.jpg,1
FloodNet_dataset/train/image/6966.jpg,0
FloodNet_dataset/train/image/8783.jpg,0
FloodNet_dataset/train/image/7422.jpg,1
FloodNet_dataset/train/image/6681.jpg,0
FloodNet_dataset/train/image/6395.jpg,0
FloodNet_dataset/train/image/7345.jpg,1
FloodNet_dataset/train/image/8151.jpg,0
FloodNet_dataset/train/image/6935.jpg,0
FloodNet_dataset/train/image/6737.jpg,1
FloodNet_dataset/train/image/6347.jpg,0
FloodNet_dataset/train/image/8351.jpg,0
FloodNet_dataset/train/image/8432.jpg,0
FloodNet_dataset/train/image/7239.jpg,1
FloodNet_dataset/train/image/6660.jpg,0
FloodNet_dataset/train/image/8425.jpg,0
FloodNet_dataset/train/image/9066.jpg,0
FloodNet_dataset/train/image/7252.jpg,1
FloodNet_dataset/train/image/6372.jpg,0
FloodNet_dataset/train/image/8133.jpg,0
FloodNet_dataset/train/image/6374.jpg,0
FloodNet_dataset/train/image/9081.jpg,0
FloodNet_dataset/train/image/7950.jpg,0
FloodNet_dataset/train/image/6692.jpg,1
FloodNet_dataset/train/image/6960.jpg,0
FloodNet_dataset/train/image/7010.jpg,0
FloodNet_dataset/train/image/8255.jpg,0
FloodNet_dataset/train/image/8139.jpg,0
FloodNet_dataset/train/image/8536.jpg,0
FloodNet_dataset/train/image/8011.jpg,0
FloodNet_dataset/train/image/7962.jpg,0
FloodNet_dataset/train/image/8153.jpg,0
FloodNet_dataset/train/image/8969.jpg,1
FloodNet_dataset/train/image/6981.jpg,0
FloodNet_dataset/train/image/7439.jpg,0
FloodNet_dataset/train/image/7264.jpg,1
FloodNet_dataset/train/image/6552.jpg,0
FloodNet_dataset/train/image/6555.jpg,0
FloodNet_dataset/train/image/6995.jpg,0
FloodNet_dataset/train/image/8272.jpg,0
FloodNet_dataset/train/image/8277.jpg,0
FloodNet_dataset/train/image/8938.jpg,1
FloodNet_dataset/train/image/9162.jpg,0
FloodNet_dataset/train/image/10818.jpg,0
FloodNet_dataset/train/image/6364.jpg,0
FloodNet_dataset/train/image/6633.jpg,0
FloodNet_dataset/train/image/7905.jpg,0
FloodNet_dataset/train/image/8977.jpg,0
FloodNet_dataset/train/image/6689.jpg,0
FloodNet_dataset/train/image/8433.jpg,0
FloodNet_dataset/train/image/8319.jpg,0
FloodNet_dataset/train/image/8243.jpg,0
FloodNet_dataset/train/image/8185.jpg,1
FloodNet_dataset/train/image/8901.jpg,0
FloodNet_dataset/train/image/7028.jpg,0
FloodNet_dataset/train/image/8485.jpg,0
FloodNet_dataset/train/image/10840.jpg,0
FloodNet_dataset/train/image/6442.jpg,1
FloodNet_dataset/train/image/7115.jpg,0
FloodNet_dataset/train/image/6707.jpg,0
FloodNet_dataset/train/image/7151.jpg,0
FloodNet_dataset/train/image/7157.jpg,0
FloodNet_dataset/train/image/6967.jpg,0
FloodNet_dataset/train/image/8905.jpg,0
FloodNet_dataset/train/image/7131.jpg,0
FloodNet_dataset/train/image/9074.jpg,0
FloodNet_dataset/train/image/8370.jpg,0
FloodNet_dataset/train/image/7168.jpg,0
FloodNet_dataset/train/image/8597.jpg,0
FloodNet_dataset/train/image/8182.jpg,0
FloodNet_dataset/train/image/7754.jpg,1
FloodNet_dataset/train/image/7027.jpg,0
FloodNet_dataset/train/image/6953.jpg,1
FloodNet_dataset/train/image/7043.jpg,0
FloodNet_dataset/train/image/6411.jpg,0
FloodNet_dataset/train/image/6627.jpg,0
FloodNet_dataset/train/image/8481.jpg,0
FloodNet_dataset/train/image/8929.jpg,0
FloodNet_dataset/train/image/6748.jpg,1
FloodNet_dataset/train/image/7825.jpg,0
FloodNet_dataset/train/image/7696.jpg,1
FloodNet_dataset/train/image/7705.jpg,1
FloodNet_dataset/train/image/6985.jpg,0
FloodNet_dataset/train/image/8330.jpg,0
FloodNet_dataset/train/image/7996.jpg,0
FloodNet_dataset/train/image/8212.jpg,0
FloodNet_dataset/train/image/6803.jpg,0
FloodNet_dataset/train/image/8032.jpg,0
FloodNet_dataset/train/image/6463.jpg,0
FloodNet_dataset/train/image/8935.jpg,0
FloodNet_dataset/train/image/7653.jpg,0
FloodNet_dataset/train/image/7017.jpg,0
FloodNet_dataset/train/image/8931.jpg,0
FloodNet_dataset/train/image/8590.jpg,0
FloodNet_dataset/train/image/8475.jpg,1
FloodNet_dataset/train/image/7219.jpg,0
FloodNet_dataset/train/image/6639.jpg,0
FloodNet_dataset/train/image/7706.jpg,1
FloodNet_dataset/train/image/8545.jpg,0
FloodNet_dataset/train/image/8424.jpg,0
FloodNet_dataset/train/image/6947.jpg,0
FloodNet_dataset/train/image/9075.jpg,0
FloodNet_dataset/train/image/7474.jpg,1
FloodNet_dataset/train/image/7894.jpg,0
FloodNet_dataset/train/image/7175.jpg,0
FloodNet_dataset/train/image/8480.jpg,0
FloodNet_dataset/train/image/7429.jpg,1
FloodNet_dataset/train/image/8306.jpg,0
FloodNet_dataset/train/image/6397.jpg,0
FloodNet_dataset/train/image/7947.jpg,0
FloodNet_dataset/train/image/7709.jpg,1
FloodNet_dataset/train/image/8940.jpg,1
FloodNet_dataset/train/image/7594.jpg,1
FloodNet_dataset/train/image/7929.jpg,0
FloodNet_dataset/train/image/6564.jpg,0
FloodNet_dataset/train/image/7467.jpg,1
FloodNet_dataset/train/image/8770.jpg,0
FloodNet_dataset/train/image/7919.jpg,0
FloodNet_dataset/train/image/7849.jpg,0
FloodNet_dataset/train/image/6573.jpg,0
FloodNet_dataset/train/image/6454.jpg,1
FloodNet_dataset/train/image/6799.jpg,0
FloodNet_dataset/train/image/7697.jpg,1
FloodNet_dataset/train/image/7174.jpg,0
FloodNet_dataset/train/image/9007.jpg,0
FloodNet_dataset/train/image/8539.jpg,0
FloodNet_dataset/train/image/7336.jpg,1
FloodNet_dataset/train/image/8909.jpg,0
FloodNet_dataset/train/image/8415.jpg,0
FloodNet_dataset/train/image/7162.jpg,0
FloodNet_dataset/train/image/7354.jpg,1
FloodNet_dataset/train/image/9027.jpg,0
FloodNet_dataset/train/image/9079.jpg,0
FloodNet_dataset/train/image/7980.jpg,0
FloodNet_dataset/train/image/7987.jpg,0
FloodNet_dataset/train/image/8152.jpg,0
FloodNet_dataset/train/image/6398.jpg,0
FloodNet_dataset/train/image/9073.jpg,0
FloodNet_dataset/train/image/7601.jpg,1
FloodNet_dataset/train/image/7989.jpg,0
FloodNet_dataset/train/image/7815.jpg,1
FloodNet_dataset/train/image/8008.jpg,0
FloodNet_dataset/train/image/6855.jpg,0
FloodNet_dataset/train/image/7878.jpg,0
FloodNet_dataset/train/image/7918.jpg,0
FloodNet_dataset/train/image/7566.jpg,1
FloodNet_dataset/train/image/7127.jpg,0
FloodNet_dataset/train/image/8982.jpg,0
FloodNet_dataset/train/image/6713.jpg,0
FloodNet_dataset/train/image/8134.jpg,0
FloodNet_dataset/train/image/6459.jpg,1
FloodNet_dataset/train/image/6464.jpg,0
FloodNet_dataset/train/image/6667.jpg,0
FloodNet_dataset/train/image/7818.jpg,1
FloodNet_dataset/train/image/8077.jpg,0
FloodNet_dataset/train/image/8403.jpg,0
FloodNet_dataset/train/image/6934.jpg,0
FloodNet_dataset/train/image/10566.jpg,0
FloodNet_dataset/train/image/8297.jpg,0
FloodNet_dataset/train/image/6805.jpg,0
FloodNet_dataset/train/image/7285.jpg,1
FloodNet_dataset/train/image/8398.jpg,0
FloodNet_dataset/train/image/6773.jpg,0
FloodNet_dataset/train/image/6901.jpg,0
FloodNet_dataset/train/image/7545.jpg,0
FloodNet_dataset/train/image/8322.jpg,0
FloodNet_dataset/train/image/8405.jpg,0
FloodNet_dataset/train/image/9076.jpg,0
FloodNet_dataset/train/image/7719.jpg,0
FloodNet_dataset/train/image/8598.jpg,0
FloodNet_dataset/train/image/8051.jpg,0
FloodNet_dataset/train/image/7873.jpg,0
FloodNet_dataset/train/image/6756.jpg,1
FloodNet_dataset/train/image/7313.jpg,1
FloodNet_dataset/train/image/7546.jpg,0
FloodNet_dataset/train/image/6359.jpg,0
FloodNet_dataset/train/image/7078.jpg,0
FloodNet_dataset/train/image/6933.jpg,0
FloodNet_dataset/train/image/6376.jpg,0
FloodNet_dataset/train/image/8241.jpg,0
FloodNet_dataset/train/image/9876.jpg,0
FloodNet_dataset/train/image/8091.jpg,0
FloodNet_dataset/train/image/8172.jpg,0
FloodNet_dataset/train/image/7238.jpg,0
FloodNet_dataset/train/image/9063.jpg,0
FloodNet_dataset/train/image/7909.jpg,0
FloodNet_dataset/train/image/6651.jpg,0
FloodNet_dataset/train/image/7882.jpg,0
FloodNet_dataset/train/image/6666.jpg,0
FloodNet_dataset/train/image/7009.jpg,0
FloodNet_dataset/train/image/8374.jpg,0
FloodNet_dataset/train/image/8102.jpg,0
FloodNet_dataset/train/image/8951.jpg,0
FloodNet_dataset/train/image/7445.jpg,1
FloodNet_dataset/train/image/7520.jpg,1
FloodNet_dataset/train/image/7973.jpg,0
FloodNet_dataset/train/image/6393.jpg,0
FloodNet_dataset/train/image/8553.jpg,0
FloodNet_dataset/train/image/7258.jpg,1
FloodNet_dataset/train/image/7353.jpg,1
FloodNet_dataset/train/image/8416.jpg,0
FloodNet_dataset/train/image/6668.jpg,0
FloodNet_dataset/train/image/10828.jpg,0
FloodNet_dataset/train/image/6804.jpg,0
FloodNet_dataset/train/image/6727.jpg,1
FloodNet_dataset/train/image/6585.jpg,0
FloodNet_dataset/train/image/7146.jpg,0
FloodNet_dataset/train/image/6367.jpg,0
FloodNet_dataset/train/image/7760.jpg,1
FloodNet_dataset/train/image/7061.jpg,0
FloodNet_dataset/train/image/8385.jpg,0
FloodNet_dataset/train/image/8106.jpg,0
FloodNet_dataset/train/image/7768.jpg,1
FloodNet_dataset/train/image/8010.jpg,0
FloodNet_dataset/train/image/9723.jpg,0
FloodNet_dataset/train/image/6826.jpg,0
FloodNet_dataset/train/image/8002.jpg,0
FloodNet_dataset/train/image/7959.jpg,0
FloodNet_dataset/train/image/7664.jpg,0
FloodNet_dataset/train/image/7806.jpg,1
FloodNet_dataset/train/image/8484.jpg,0
FloodNet_dataset/train/image/8491.jpg,0
FloodNet_dataset/train/image/8065.jpg,0
FloodNet_dataset/train/image/8165.jpg,0
FloodNet_dataset/train/image/6673.jpg,0
FloodNet_dataset/train/image/6486.jpg,1
FloodNet_dataset/train/image/7195.jpg,0
FloodNet_dataset/train/image/8925.jpg,0
FloodNet_dataset/train/image/8973.jpg,1
FloodNet_dataset/train/image/6928.jpg,0
FloodNet_dataset/train/image/8148.jpg,0
FloodNet_dataset/train/image/7103.jpg,0
FloodNet_dataset/train/image/7858.jpg,1
FloodNet_dataset/train/image/7362.jpg,1
FloodNet_dataset/train/image/8496.jpg,0
FloodNet_dataset/train/image/8240.jpg,0
FloodNet_dataset/train/image/7526.jpg,1
FloodNet_dataset/train/image/6728.jpg,1
FloodNet_dataset/train/image/8149.jpg,0
FloodNet_dataset/train/image/6749.jpg,1
FloodNet_dataset/train/image/7589.jpg,1
FloodNet_dataset/train/image/6635.jpg,0
FloodNet_dataset/train/image/7108.jpg,0
FloodNet_dataset/train/image/9049.jpg,0
FloodNet_dataset/train/image/8507.jpg,0
FloodNet_dataset/train/image/7161.jpg,0
FloodNet_dataset/train/image/6899.jpg,0
FloodNet_dataset/train/image/7922.jpg,0
FloodNet_dataset/train/image/7735.jpg,0
FloodNet_dataset/train/image/7485.jpg,1
FloodNet_dataset/train/image/8317.jpg,0
FloodNet_dataset/train/image/8200.jpg,0
FloodNet_dataset/train/image/7256.jpg,1
FloodNet_dataset/train/image/7107.jpg,0
FloodNet_dataset/train/image/9353.jpg,1
FloodNet_dataset/train/image/8216.jpg,0
FloodNet_dataset/train/image/7163.jpg,0
FloodNet_dataset/train/image/8070.jpg,0
FloodNet_dataset/train/image/7038.jpg,0
FloodNet_dataset/train/image/8412.jpg,0
FloodNet_dataset/train/image/9099.jpg,0
FloodNet_dataset/train/image/6416.jpg,0
FloodNet_dataset/train/image/8276.jpg,0
FloodNet_dataset/train/image/8560.jpg,0
FloodNet_dataset/train/image/7920.jpg,0
FloodNet_dataset/train/image/6787.jpg,0
FloodNet_dataset/train/image/9026.jpg,0
FloodNet_dataset/train/image/9100.jpg,0
FloodNet_dataset/train/image/7703.jpg,1
FloodNet_dataset/train/image/7033.jpg,0
FloodNet_dataset/train/image/6461.jpg,1
FloodNet_dataset/train/image/6946.jpg,1
FloodNet_dataset/train/image/8177.jpg,0
FloodNet_dataset/train/image/7257.jpg,1
FloodNet_dataset/train/image/8253.jpg,0
FloodNet_dataset/train/image/6649.jpg,0
FloodNet_dataset/train/image/6421.jpg,0
FloodNet_dataset/train/image/8208.jpg,0
FloodNet_dataset/train/image/8014.jpg,0
FloodNet_dataset/train/image/8413.jpg,0
FloodNet_dataset/train/image/6365.jpg,0
FloodNet_dataset/train/image/8952.jpg,0
FloodNet_dataset/train/image/8210.jpg,0
FloodNet_dataset/train/image/9077.jpg,0
FloodNet_dataset/train/image/6477.jpg,1
FloodNet_dataset/train/image/8794.jpg,0
FloodNet_dataset/train/image/8615.jpg,0
FloodNet_dataset/train/image/7720.jpg,0
FloodNet_dataset/train/image/7796.jpg,0
FloodNet_dataset/train/image/8063.jpg,0
FloodNet_dataset/train/image/6739.jpg,1
FloodNet_dataset/train/image/7777.jpg,0
FloodNet_dataset/train/image/6846.jpg,0
FloodNet_dataset/train/image/8775.jpg,0
FloodNet_dataset/train/image/7164.jpg,0
FloodNet_dataset/train/image/6334.jpg,0
FloodNet_dataset/train/image/8299.jpg,0
FloodNet_dataset/train/image/9029.jpg,0
FloodNet_dataset/train/image/10817.jpg,0
FloodNet_dataset/train/image/8548.jpg,0
FloodNet_dataset/train/image/7916.jpg,0
FloodNet_dataset/train/image/8034.jpg,0
FloodNet_dataset/train/image/9019.jpg,0
FloodNet_dataset/train/image/7192.jpg,0
FloodNet_dataset/train/image/7908.jpg,0
FloodNet_dataset/train/image/6943.jpg,1
FloodNet_dataset/train/image/8463.jpg,0
FloodNet_dataset/train/image/8947.jpg,0
FloodNet_dataset/train/image/6857.jpg,0
FloodNet_dataset/train/image/7761.jpg,1
FloodNet_dataset/train/image/10811.jpg,0
FloodNet_dataset/train/image/8546.jpg,0
FloodNet_dataset/train/image/6829.jpg,0
FloodNet_dataset/train/image/8269.jpg,0
FloodNet_dataset/train/image/6779.jpg,0
FloodNet_dataset/train/image/7448.jpg,1
FloodNet_dataset/train/image/7552.jpg,1
FloodNet_dataset/train/image/6902.jpg,0
FloodNet_dataset/train/image/6563.jpg,0
FloodNet_dataset/train/image/6762.jpg,1
FloodNet_dataset/train/image/7287.jpg,1
FloodNet_dataset/train/image/8158.jpg,0
FloodNet_dataset/train/image/8587.jpg,0
FloodNet_dataset/train/image/7331.jpg,1
FloodNet_dataset/train/image/8911.jpg,0
FloodNet_dataset/train/image/6900.jpg,0
FloodNet_dataset/train/image/8445.jpg,0
FloodNet_dataset/train/image/7430.jpg,1
FloodNet_dataset/train/image/7177.jpg,0
FloodNet_dataset/train/image/8515.jpg,0
FloodNet_dataset/train/image/7731.jpg,0
FloodNet_dataset/train/image/8184.jpg,1
FloodNet_dataset/train/image/7266.jpg,1
FloodNet_dataset/train/image/6541.jpg,0
FloodNet_dataset/train/image/8923.jpg,0
FloodNet_dataset/train/image/6444.jpg,1
FloodNet_dataset/train/image/7102.jpg,0
FloodNet_dataset/train/image/7557.jpg,1
FloodNet_dataset/train/image/8527.jpg,0
FloodNet_dataset/train/image/7059.jpg,0
FloodNet_dataset/train/image/7322.jpg,1
FloodNet_dataset/train/image/7750.jpg,1
FloodNet_dataset/train/image/7064.jpg,0
FloodNet_dataset/train/image/6838.jpg,0
FloodNet_dataset/train/image/7574.jpg,1
FloodNet_dataset/train/image/8129.jpg,0
FloodNet_dataset/train/image/8791.jpg,0
FloodNet_dataset/train/image/7273.jpg,1
FloodNet_dataset/train/image/6528.jpg,0
FloodNet_dataset/train/image/7142.jpg,0
FloodNet_dataset/train/image/7686.jpg,0
FloodNet_dataset/train/image/6363.jpg,0
FloodNet_dataset/train/image/7523.jpg,1
FloodNet_dataset/train/image/8089.jpg,0
FloodNet_dataset/train/image/8225.jpg,0
FloodNet_dataset/train/image/7524.jpg,1
FloodNet_dataset/train/image/7788.jpg,1
FloodNet_dataset/train/image/7559.jpg,1
FloodNet_dataset/train/image/10821.jpg,0
FloodNet_dataset/train/image/8816.jpg,0
FloodNet_dataset/train/image/8777.jpg,0
FloodNet_dataset/train/image/6854.jpg,0
FloodNet_dataset/train/image/7981.jpg,0
FloodNet_dataset/train/image/7802.jpg,0
FloodNet_dataset/train/image/6501.jpg,0
FloodNet_dataset/train/image/9052.jpg,0
FloodNet_dataset/train/image/8482.jpg,0
FloodNet_dataset/train/image/8589.jpg,0
FloodNet_dataset/train/image/9887.jpg,0
FloodNet_dataset/train/image/7282.jpg,1
FloodNet_dataset/train/image/7272.jpg,1
FloodNet_dataset/train/image/7875.jpg,0
FloodNet_dataset/train/image/6512.jpg,0
FloodNet_dataset/train/image/8313.jpg,0
FloodNet_dataset/train/image/7357.jpg,1
FloodNet_dataset/train/image/6965.jpg,0
FloodNet_dataset/train/image/7998.jpg,0
FloodNet_dataset/train/image/7183.jpg,0
FloodNet_dataset/train/image/8493.jpg,0
FloodNet_dataset/train/image/7791.jpg,1
FloodNet_dataset/train/image/8061.jpg,0
FloodNet_dataset/train/image/7440.jpg,0
FloodNet_dataset/train/image/8438.jpg,0
FloodNet_dataset/train/image/8807.jpg,0
FloodNet_dataset/train/image/7585.jpg,1
FloodNet_dataset/train/image/8117.jpg,0
FloodNet_dataset/train/image/7712.jpg,1
FloodNet_dataset/train/image/6404.jpg,0
FloodNet_dataset/train/image/8531.jpg,0
FloodNet_dataset/train/image/6930.jpg,0
FloodNet_dataset/train/image/7462.jpg,1
FloodNet_dataset/train/image/7053.jpg,0
FloodNet_dataset/train/image/7764.jpg,1
FloodNet_dataset/train/image/6622.jpg,0
FloodNet_dataset/train/image/8110.jpg,0
FloodNet_dataset/train/image/7014.jpg,0
FloodNet_dataset/train/image/7895.jpg,0
FloodNet_dataset/train/image/8359.jpg,0
FloodNet_dataset/train/image/8264.jpg,0
FloodNet_dataset/train/image/7242.jpg,1
FloodNet_dataset/train/image/9106.jpg,0
FloodNet_dataset/train/image/6806.jpg,0
FloodNet_dataset/train/image/6808.jpg,0
FloodNet_dataset/train/image/6858.jpg,0
FloodNet_dataset/train/image/8803.jpg,0
FloodNet_dataset/train/image/6569.jpg,0
FloodNet_dataset/train/image/8488.jpg,0
FloodNet_dataset/train/image/8600.jpg,0
FloodNet_dataset/train/image/8502.jpg,0
FloodNet_dataset/train/image/6833.jpg,0
FloodNet_dataset/train/image/8420.jpg,0
FloodNet_dataset/train/image/8095.jpg,0
FloodNet_dataset/train/image/7018.jpg,0
FloodNet_dataset/train/image/7661.jpg,0
FloodNet_dataset/train/image/8312.jpg,0
FloodNet_dataset/train/image/9030.jpg,0
FloodNet_dataset/train/image/9040.jpg,0
FloodNet_dataset/train/image/7271.jpg,1
FloodNet_dataset/train/image/7156.jpg,0
FloodNet_dataset/train/image/7972.jpg,0
FloodNet_dataset/train/image/7366.jpg,1
FloodNet_dataset/train/image/6682.jpg,0
FloodNet_dataset/train/image/7418.jpg,1
FloodNet_dataset/train/image/7783.jpg,1
FloodNet_dataset/train/image/7828.jpg,0
FloodNet_dataset/train/image/6287.jpg,0
FloodNet_dataset/train/image/7597.jpg,1
FloodNet_dataset/train/image/8422.jpg,0
FloodNet_dataset/train/image/6375.jpg,0
FloodNet_dataset/train/image/6945.jpg,1
FloodNet_dataset/train/image/6456.jpg,1
FloodNet_dataset/train/image/9795.jpg,0
FloodNet_dataset/train/image/7459.jpg,1
FloodNet_dataset/train/image/8252.jpg,0
FloodNet_dataset/train/image/6335.jpg,0
FloodNet_dataset/train/image/7949.jpg,0
FloodNet_dataset/train/image/8000.jpg,0
FloodNet_dataset/train/image/7847.jpg,0
FloodNet_dataset/train/image/8492.jpg,0
FloodNet_dataset/train/image/7039.jpg,0
FloodNet_dataset/train/image/8348.jpg,0
FloodNet_dataset/train/image/7051.jpg,0
FloodNet_dataset/train/image/6926.jpg,0
FloodNet_dataset/train/image/8915.jpg,0
FloodNet_dataset/train/image/8604.jpg,0
FloodNet_dataset/train/image/6706.jpg,0
FloodNet_dataset/train/image/9351.jpg,1
FloodNet_dataset/train/image/7974.jpg,0
FloodNet_dataset/train/image/8321.jpg,0
FloodNet_dataset/train/image/8361.jpg,0
FloodNet_dataset/train/image/8334.jpg,0
FloodNet_dataset/train/image/10837.jpg,1
FloodNet_dataset/train/image/6535.jpg,0
FloodNet_dataset/train/image/9724.jpg,0
FloodNet_dataset/train/image/9015.jpg,0
FloodNet_dataset/train/image/8039.jpg,0
FloodNet_dataset/train/image/6544.jpg,0
FloodNet_dataset/train/image/6929.jpg,0
FloodNet_dataset/train/image/9072.jpg,0
FloodNet_dataset/train/image/7077.jpg,0
FloodNet_dataset/train/image/6843.jpg,0
FloodNet_dataset/train/image/7614.jpg,1
FloodNet_dataset/train/image/6613.jpg,0
FloodNet_dataset/train/image/8107.jpg,0
FloodNet_dataset/train/image/7181.jpg,0
FloodNet_dataset/train/image/8431.jpg,0
FloodNet_dataset/train/image/9093.jpg,0
FloodNet_dataset/train/image/8094.jpg,0
FloodNet_dataset/train/image/7798.jpg,0
FloodNet_dataset/train/image/8098.jpg,0
FloodNet_dataset/train/image/7344.jpg,1
FloodNet_dataset/train/image/8223.jpg,0
FloodNet_dataset/train/image/7454.jpg,1
FloodNet_dataset/train/image/6588.jpg,0
FloodNet_dataset/train/image/7547.jpg,0
FloodNet_dataset/train/image/7521.jpg,1
FloodNet_dataset/train/image/7321.jpg,1
FloodNet_dataset/train/image/8315.jpg,0
FloodNet_dataset/train/image/6422.jpg,0
FloodNet_dataset/train/image/9101.jpg,0
FloodNet_dataset/train/image/7488.jpg,1
FloodNet_dataset/train/image/7451.jpg,1
FloodNet_dataset/train/image/7006.jpg,0
FloodNet_dataset/train/image/8190.jpg,0
FloodNet_dataset/train/image/8357.jpg,0
FloodNet_dataset/train/image/11723.jpg,1
FloodNet_dataset/train/image/8804.jpg,0
FloodNet_dataset/train/image/9890.jpg,0
FloodNet_dataset/train/image/7809.jpg,1
FloodNet_dataset/train/image/7412.jpg,1
FloodNet_dataset/train/image/7110.jpg,0
FloodNet_dataset/train/image/6736.jpg,1
FloodNet_dataset/train/image/9110.jpg,0
FloodNet_dataset/train/image/8118.jpg,0
FloodNet_dataset/train/image/7767.jpg,1
FloodNet_dataset/train/image/6340.jpg,0
FloodNet_dataset/train/image/8087.jpg,0
FloodNet_dataset/train/image/8081.jpg,0
FloodNet_dataset/train/image/8426.jpg,0
FloodNet_dataset/train/image/7749.jpg,1
FloodNet_dataset/train/image/8030.jpg,0
FloodNet_dataset/train/image/8354.jpg,0
FloodNet_dataset/train/image/7372.jpg,1
FloodNet_dataset/train/image/7568.jpg,1
FloodNet_dataset/train/image/8057.jpg,0
FloodNet_dataset/train/image/8369.jpg,0
FloodNet_dataset/train/image/6478.jpg,1
FloodNet_dataset/train/image/6800.jpg,0
FloodNet_dataset/train/image/9558.jpg,0
FloodNet_dataset/train/image/9349.jpg,1
FloodNet_dataset/train/image/8196.jpg,0
FloodNet_dataset/train/image/7833.jpg,0
FloodNet_dataset/train/image/6351.jpg,0
FloodNet_dataset/train/image/6409.jpg,0
FloodNet_dataset/train/image/8085.jpg,0
FloodNet_dataset/train/image/6527.jpg,0
FloodNet_dataset/train/image/7868.jpg,0
FloodNet_dataset/train/image/9874.jpg,0
FloodNet_dataset/train/image/8099.jpg,0
FloodNet_dataset/train/image/8080.jpg,0
FloodNet_dataset/train/image/6658.jpg,0
FloodNet_dataset/train/image/8904.jpg,0
FloodNet_dataset/train/image/7044.jpg,0
FloodNet_dataset/train/image/8535.jpg,0
FloodNet_dataset/train/image/6911.jpg,0
FloodNet_dataset/train/image/8895.jpg,0
FloodNet_dataset/train/image/8490.jpg,0
FloodNet_dataset/train/image/6939.jpg,0
FloodNet_dataset/train/image/6783.jpg,0
FloodNet_dataset/train/image/8404.jpg,0
FloodNet_dataset/train/image/6853.jpg,0
FloodNet_dataset/train/image/7939.jpg,0
FloodNet_dataset/train/image/7807.jpg,1
FloodNet_dataset/train/image/10819.jpg,0
FloodNet_dataset/train/image/8442.jpg,0
FloodNet_dataset/train/image/8910.jpg,0
FloodNet_dataset/train/image/8986.jpg,0
FloodNet_dataset/train/image/6655.jpg,0
FloodNet_dataset/train/image/9089.jpg,0
FloodNet_dataset/train/image/10175.jpg,0
FloodNet_dataset/train/image/6438.jpg,0
FloodNet_dataset/train/image/10300.jpg,0
FloodNet_dataset/train/image/8996.jpg,0
FloodNet_dataset/train/image/8994.jpg,0
FloodNet_dataset/train/image/7167.jpg,0
FloodNet_dataset/train/image/8192.jpg,0
FloodNet_dataset/train/image/7682.jpg,0
FloodNet_dataset/train/image/6615.jpg,1
FloodNet_dataset/train/image/7702.jpg,1
FloodNet_dataset/train/image/8197.jpg,0
FloodNet_dataset/train/image/7843.jpg,0
FloodNet_dataset/train/image/8382.jpg,0
FloodNet_dataset/train/image/7857.jpg,1
FloodNet_dataset/train/image/8231.jpg,0
FloodNet_dataset/train/image/9023.jpg,0
FloodNet_dataset/train/image/8049.jpg,0
FloodNet_dataset/train/image/6338.jpg,0
FloodNet_dataset/train/image/7746.jpg,1
FloodNet_dataset/train/image/6644.jpg,0
FloodNet_dataset/train/image/7087.jpg,0
FloodNet_dataset/train/image/6712.jpg,1
FloodNet_dataset/train/image/8101.jpg,0
FloodNet_dataset/train/image/7289.jpg,1
FloodNet_dataset/train/image/7325.jpg,1
FloodNet_dataset/train/image/7377.jpg,1
FloodNet_dataset/train/image/6802.jpg,0
FloodNet_dataset/train/image/8366.jpg,0
FloodNet_dataset/train/image/7072.jpg,0
FloodNet_dataset/train/image/8274.jpg,0
FloodNet_dataset/train/image/7548.jpg,0
FloodNet_dataset/train/image/6384.jpg,0
FloodNet_dataset/train/image/7160.jpg,0
FloodNet_dataset/train/image/8980.jpg,1
FloodNet_dataset/train/image/9897.jpg,0
FloodNet_dataset/train/image/8410.jpg,0
FloodNet_dataset/train/image/7792.jpg,1
FloodNet_dataset/train/image/8963.jpg,1
FloodNet_dataset/train/image/7810.jpg,1
FloodNet_dataset/train/image/6516.jpg,0
FloodNet_dataset/train/image/7579.jpg,1
FloodNet_dataset/train/image/9036.jpg,0
FloodNet_dataset/train/image/8943.jpg,1
FloodNet_dataset/train/image/7775.jpg,0
FloodNet_dataset/train/image/10176.jpg,0
FloodNet_dataset/train/image/6492.jpg,0
FloodNet_dataset/train/image/8304.jpg,0
FloodNet_dataset/train/image/7932.jpg,0
FloodNet_dataset/train/image/7316.jpg,1
FloodNet_dataset/train/image/7375.jpg,1
FloodNet_dataset/train/image/6623.jpg,0
FloodNet_dataset/train/image/7045.jpg,0
FloodNet_dataset/train/image/7795.jpg,0
FloodNet_dataset/train/image/7123.jpg,0
FloodNet_dataset/train/image/7933.jpg,0
FloodNet_dataset/train/image/6597.jpg,0
FloodNet_dataset/train/image/6788.jpg,0
FloodNet_dataset/train/image/7766.jpg,1
FloodNet_dataset/train/image/7542.jpg,1
FloodNet_dataset/train/image/6986.jpg,0
FloodNet_dataset/train/image/7364.jpg,1
FloodNet_dataset/train/image/9061.jpg,0
FloodNet_dataset/train/image/8265.jpg,0
FloodNet_dataset/train/image/8043.jpg,0
FloodNet_dataset/train/image/6830.jpg,0
FloodNet_dataset/train/image/7774.jpg,1
FloodNet_dataset/train/image/6776.jpg,0
FloodNet_dataset/train/image/8135.jpg,0
FloodNet_dataset/train/image/7211.jpg,0
FloodNet_dataset/train/image/6608.jpg,0
FloodNet_dataset/train/image/9070.jpg,0
FloodNet_dataset/train/image/7800.jpg,0
FloodNet_dataset/train/image/8082.jpg,0
FloodNet_dataset/train/image/8009.jpg,0
FloodNet_dataset/train/image/7245.jpg,1
FloodNet_dataset/train/image/8472.jpg,0
FloodNet_dataset/train/image/6433.jpg,0
FloodNet_dataset/train/image/8161.jpg,0
FloodNet_dataset/train/image/7125.jpg,0
FloodNet_dataset/train/image/7859.jpg,1
FloodNet_dataset/train/image/6360.jpg,0
FloodNet_dataset/train/image/8224.jpg,0
FloodNet_dataset/train/image/8116.jpg,0
FloodNet_dataset/train/image/8551.jpg,0
FloodNet_dataset/train/image/7869.jpg,0
FloodNet_dataset/train/image/8512.jpg,1
FloodNet_dataset/train/image/7324.jpg,1
FloodNet_dataset/train/image/8249.jpg,0
FloodNet_dataset/train/image/6904.jpg,0
FloodNet_dataset/train/image/7525.jpg,1
FloodNet_dataset/train/image/9538.jpg,1
FloodNet_dataset/train/image/8234.jpg,0
FloodNet_dataset/train/image/8206.jpg,1
FloodNet_dataset/train/image/6399.jpg,0
FloodNet_dataset/train/image/8236.jpg,0
FloodNet_dataset/train/image/7845.jpg,0
FloodNet_dataset/train/image/10165.jpg,1
FloodNet_dataset/train/image/8469.jpg,0
FloodNet_dataset/train/image/6731.jpg,1
FloodNet_dataset/train/image/7580.jpg,1
FloodNet_dataset/train/image/10827.jpg,0
FloodNet_dataset/train/image/7931.jpg,0
FloodNet_dataset/train/image/8957.jpg,0
FloodNet_dataset/train/image/8955.jpg,0
FloodNet_dataset/train/image/9884.jpg,0
FloodNet_dataset/train/image/6891.jpg,0
FloodNet_dataset/train/image/7700.jpg,1
FloodNet_dataset/train/image/8242.jpg,0
FloodNet_dataset/train/image/6703.jpg,0
FloodNet_dataset/train/image/6957.jpg,0
FloodNet_dataset/train/image/7848.jpg,0
FloodNet_dataset/train/image/6770.jpg,0
FloodNet_dataset/train/image/7229.jpg,0
FloodNet_dataset/train/image/6534.jpg,0
FloodNet_dataset/train/image/7318.jpg,1
FloodNet_dataset/train/image/8375.jpg,0
FloodNet_dataset/train/image/7834.jpg,0
FloodNet_dataset/train/image/8552.jpg,0
FloodNet_dataset/train/image/6941.jpg,0
FloodNet_dataset/train/image/7612.jpg,0
FloodNet_dataset/train/image/6931.jpg,0
FloodNet_dataset/train/image/10166.jpg,1
FloodNet_dataset/train/image/7304.jpg,0
FloodNet_dataset/train/image/9144.jpg,1
FloodNet_dataset/train/image/6506.jpg,0
FloodNet_dataset/train/image/7463.jpg,1
FloodNet_dataset/train/image/7267.jpg,1
FloodNet_dataset/train/image/7306.jpg,0
FloodNet_dataset/train/image/7587.jpg,1
FloodNet_dataset/train/image/7088.jpg,0
FloodNet_dataset/train/image/9034.jpg,0
FloodNet_dataset/train/image/8042.jpg,0
FloodNet_dataset/train/image/6628.jpg,0
FloodNet_dataset/train/image/7948.jpg,0
FloodNet_dataset/train/image/8798.jpg,0
FloodNet_dataset/train/image/9896.jpg,0
FloodNet_dataset/train/image/6772.jpg,0
FloodNet_dataset/train/image/8833.jpg,0
FloodNet_dataset/train/image/6350.jpg,0
FloodNet_dataset/train/image/9083.jpg,0
FloodNet_dataset/train/image/6466.jpg,0
FloodNet_dataset/train/image/7477.jpg,1
FloodNet_dataset/train/image/8550.jpg,0
FloodNet_dataset/train/image/8974.jpg,1
FloodNet_dataset/train/image/8150.jpg,0
FloodNet_dataset/train/image/7678.jpg,0
FloodNet_dataset/train/image/7487.jpg,1
FloodNet_dataset/train/image/6812.jpg,0
FloodNet_dataset/train/image/6852.jpg,0
FloodNet_dataset/train/image/7714.jpg,0
FloodNet_dataset/train/image/7090.jpg,0
FloodNet_dataset/train/image/7786.jpg,0
FloodNet_dataset/train/image/7914.jpg,0
FloodNet_dataset/train/image/6431.jpg,0
FloodNet_dataset/train/image/7831.jpg,0
FloodNet_dataset/train/image/9025.jpg,0
FloodNet_dataset/train/image/6890.jpg,0
FloodNet_dataset/train/image/8326.jpg,0
FloodNet_dataset/train/image/7643.jpg,0
FloodNet_dataset/train/image/6970.jpg,0
FloodNet_dataset/train/image/7671.jpg,0
FloodNet_dataset/train/image/7739.jpg,0
FloodNet_dataset/train/image/6704.jpg,1
FloodNet_dataset/train/image/8928.jpg,0
FloodNet_dataset/train/image/6971.jpg,0
FloodNet_dataset/train/image/6750.jpg,1
FloodNet_dataset/train/image/8229.jpg,0
FloodNet_dataset/train/image/7855.jpg,1
FloodNet_dataset/train/image/8193.jpg,0
FloodNet_dataset/train/image/8521.jpg,0
FloodNet_dataset/train/image/8809.jpg,0
FloodNet_dataset/train/image/8047.jpg,0
FloodNet_dataset/train/image/6385.jpg,0
FloodNet_dataset/train/image/8933.jpg,0
FloodNet_dataset/train/image/7655.jpg,0
FloodNet_dataset/train/image/6993.jpg,0
FloodNet_dataset/train/image/8464.jpg,0
FloodNet_dataset/train/image/7098.jpg,0
FloodNet_dataset/train/image/7079.jpg,0
FloodNet_dataset/train/image/8407.jpg,0
FloodNet_dataset/train/image/6732.jpg,1
FloodNet_dataset/train/image/6701.jpg,1
FloodNet_dataset/train/image/8055.jpg,0
FloodNet_dataset/train/image/7765.jpg,1
FloodNet_dataset/train/image/7247.jpg,1
FloodNet_dataset/train/image/6435.jpg,0
FloodNet_dataset/train/image/10180.jpg,0
FloodNet_dataset/train/image/8477.jpg,0
FloodNet_dataset/train/image/7721.jpg,1
FloodNet_dataset/train/image/9885.jpg,0
FloodNet_dataset/train/image/6956.jpg,0
FloodNet_dataset/train/image/9108.jpg,0
FloodNet_dataset/train/image/8879.jpg,0
FloodNet_dataset/train/image/7194.jpg,0
FloodNet_dataset/train/image/7883.jpg,0
FloodNet_dataset/train/image/7128.jpg,0
FloodNet_dataset/train/image/9514.jpg,1
FloodNet_dataset/train/image/6994.jpg,0
FloodNet_dataset/train/image/8390.jpg,0
FloodNet_dataset/train/image/8967.jpg,1
FloodNet_dataset/train/image/7330.jpg,1
FloodNet_dataset/train/image/7844.jpg,0
FloodNet_dataset/train/image/8380.jpg,0
FloodNet_dataset/train/image/6538.jpg,0
FloodNet_dataset/train/image/8016.jpg,0
FloodNet_dataset/train/image/9087.jpg,0
FloodNet_dataset/train/image/7944.jpg,0
FloodNet_dataset/train/image/7691.jpg,0
FloodNet_dataset/train/image/8045.jpg,0
FloodNet_dataset/train/image/7681.jpg,0
FloodNet_dataset/train/image/7328.jpg,1
FloodNet_dataset/train/image/7015.jpg,0
FloodNet_dataset/train/image/6922.jpg,0
FloodNet_dataset/train/image/7036.jpg,0
FloodNet_dataset/train/image/6972.jpg,0
FloodNet_dataset/train/image/6999.jpg,0
FloodNet_dataset/train/image/6998.jpg,0
FloodNet_dataset/train/image/7575.jpg,1
FloodNet_dataset/train/image/8389.jpg,0
FloodNet_dataset/train/image/8381.jpg,0
FloodNet_dataset/train/image/6764.jpg,1
FloodNet_dataset/train/image/7050.jpg,0
FloodNet_dataset/train/image/7314.jpg,1
FloodNet_dataset/train/image/7953.jpg,0
FloodNet_dataset/train/image/6414.jpg,0
FloodNet_dataset/train/image/9094.jpg,0
FloodNet_dataset/train/image/7037.jpg,0
FloodNet_dataset/train/image/7214.jpg,0
FloodNet_dataset/train/image/7674.jpg,0
FloodNet_dataset/train/image/8394.jpg,0
FloodNet_dataset/train/image/6715.jpg,1
FloodNet_dataset/train/image/8294.jpg,0
FloodNet_dataset/train/image/6647.jpg,0
FloodNet_dataset/train/image/8145.jpg,0
FloodNet_dataset/train/image/7999.jpg,0
FloodNet_dataset/train/image/9877.jpg,0
FloodNet_dataset/train/image/8995.jpg,0
FloodNet_dataset/train/image/9065.jpg,0
FloodNet_dataset/train/image/7963.jpg,0
FloodNet_dataset/train/image/9879.jpg,0
FloodNet_dataset/train/image/8965.jpg,1
FloodNet_dataset/train/image/6738.jpg,1
FloodNet_dataset/train/image/9039.jpg,0
FloodNet_dataset/train/image/8075.jpg,0
FloodNet_dataset/train/image/8159.jpg,0
FloodNet_dataset/train/image/6455.jpg,1
FloodNet_dataset/train/image/9008.jpg,0
FloodNet_dataset/train/image/7212.jpg,0
FloodNet_dataset/train/image/6813.jpg,0
FloodNet_dataset/train/image/7124.jpg,0
FloodNet_dataset/train/image/7261.jpg,1
FloodNet_dataset/train/image/7230.jpg,0
FloodNet_dataset/train/image/10172.jpg,0
FloodNet_dataset/train/image/8053.jpg,0
FloodNet_dataset/train/image/7265.jpg,1
FloodNet_dataset/train/image/6842.jpg,0
FloodNet_dataset/train/image/7832.jpg,0
FloodNet_dataset/train/image/6964.jpg,0
FloodNet_dataset/train/image/8907.jpg,0
FloodNet_dataset/train/image/7801.jpg,0
FloodNet_dataset/train/image/8547.jpg,0
FloodNet_dataset/train/image/8436.jpg,0
FloodNet_dataset/train/image/6537.jpg,0
FloodNet_dataset/train/image/8501.jpg,0
FloodNet_dataset/train/image/6978.jpg,0
FloodNet_dataset/train/image/8387.jpg,0
FloodNet_dataset/train/image/7841.jpg,0
FloodNet_dataset/train/image/6531.jpg,0
FloodNet_dataset/train/image/6533.jpg,0
FloodNet_dataset/train/image/7046.jpg,0
FloodNet_dataset/train/image/6618.jpg,0
FloodNet_dataset/train/image/6332.jpg,0
FloodNet_dataset/train/image/6354.jpg,0
FloodNet_dataset/train/image/8998.jpg,0
FloodNet_dataset/train/image/7837.jpg,0
FloodNet_dataset/train/image/8282.jpg,0
FloodNet_dataset/train/image/7756.jpg,1
FloodNet_dataset/train/image/8796.jpg,0
FloodNet_dataset/train/image/7165.jpg,0
FloodNet_dataset/train/image/8497.jpg,0
FloodNet_dataset/train/image/8388.jpg,0
FloodNet_dataset/train/image/8232.jpg,0
FloodNet_dataset/train/image/8801.jpg,0
FloodNet_dataset/train/image/6465.jpg,0
FloodNet_dataset/train/image/8429.jpg,0
FloodNet_dataset/train/image/7971.jpg,0
FloodNet_dataset/train/image/7227.jpg,0
FloodNet_dataset/train/image/6734.jpg,1
FloodNet_dataset/train/image/7522.jpg,1
FloodNet_dataset/train/image/6386.jpg,0
FloodNet_dataset/train/image/8859.jpg,0
FloodNet_dataset/train/image/6530.jpg,0
FloodNet_dataset/train/image/7650.jpg,0
FloodNet_dataset/train/image/8271.jpg,0
FloodNet_dataset/train/image/6279.jpg,0
FloodNet_dataset/train/image/9725.jpg,0
FloodNet_dataset/train/image/6381.jpg,0
FloodNet_dataset/train/image/9053.jpg,0
FloodNet_dataset/train/image/6526.jpg,0
FloodNet_dataset/train/image/6591.jpg,0
FloodNet_dataset/train/image/7070.jpg,0
FloodNet_dataset/train/image/8605.jpg,0
FloodNet_dataset/train/image/8121.jpg,0
FloodNet_dataset/train/image/7312.jpg,0
FloodNet_dataset/train/image/7317.jpg,1
FloodNet_dataset/train/image/7560.jpg,1
FloodNet_dataset/train/image/6565.jpg,0
FloodNet_dataset/train/image/10826.jpg,0
FloodNet_dataset/train/image/6814.jpg,0
FloodNet_dataset/train/image/7865.jpg,1
FloodNet_dataset/train/image/8958.jpg,0
FloodNet_dataset/train/image/7466.jpg,1
FloodNet_dataset/train/image/8540.jpg,0
FloodNet_dataset/train/image/6755.jpg,1
FloodNet_dataset/train/image/7136.jpg,0
FloodNet_dataset/train/image/8248.jpg,0
FloodNet_dataset/train/image/8318.jpg,0
FloodNet_dataset/train/image/8052.jpg,0
FloodNet_dataset/train/image/10687.jpg,0
FloodNet_dataset/train/image/8529.jpg,0
FloodNet_dataset/train/image/8368.jpg,0
FloodNet_dataset/train/image/7170.jpg,0
FloodNet_dataset/train/image/8555.jpg,0
FloodNet_dataset/train/image/8230.jpg,0
FloodNet_dataset/train/image/6940.jpg,1
FloodNet_dataset/train/image/8443.jpg,0
FloodNet_dataset/train/image/7820.jpg,1
FloodNet_dataset/train/image/8298.jpg,0
FloodNet_dataset/train/image/9050.jpg,0
FloodNet_dataset/train/image/6745.jpg,1
FloodNet_dataset/train/image/9098.jpg,0
FloodNet_dataset/train/image/8968.jpg,1
FloodNet_dataset/train/image/7405.jpg,1
FloodNet_dataset/train/image/7867.jpg,0
FloodNet_dataset/train/image/8802.jpg,0
FloodNet_dataset/train/image/8143.jpg,0
FloodNet_dataset/train/image/8508.jpg,0
FloodNet_dataset/train/image/7097.jpg,0
FloodNet_dataset/train/image/8520.jpg,0
FloodNet_dataset/train/image/7977.jpg,0
FloodNet_dataset/train/image/7311.jpg,0
FloodNet_dataset/train/image/7662.jpg,0
FloodNet_dataset/train/image/7008.jpg,0
FloodNet_dataset/train/image/8222.jpg,0
FloodNet_dataset/train/image/7952.jpg,0
FloodNet_dataset/train/image/9346.jpg,0
FloodNet_dataset/train/image/6370.jpg,0
FloodNet_dataset/train/image/6936.jpg,0
FloodNet_dataset/train/image/7130.jpg,0
FloodNet_dataset/train/image/7171.jpg,0
FloodNet_dataset/train/image/8418.jpg,0
FloodNet_dataset/train/image/6427.jpg,0
FloodNet_dataset/train/image/8800.jpg,0
FloodNet_dataset/train/image/8033.jpg,0
FloodNet_dataset/train/image/8072.jpg,0
FloodNet_dataset/train/image/7737.jpg,0
FloodNet_dataset/train/image/7453.jpg,1
FloodNet_dataset/train/image/6992.jpg,0
FloodNet_dataset/train/image/8821.jpg,0
FloodNet_dataset/train/image/6358.jpg,0
FloodNet_dataset/train/image/9011.jpg,0
FloodNet_dataset/train/image/7460.jpg,1
FloodNet_dataset/train/image/7715.jpg,0
FloodNet_dataset/train/image/6600.jpg,0
FloodNet_dataset/train/image/6976.jpg,0
FloodNet_dataset/train/image/6595.jpg,0
FloodNet_dataset/train/image/6793.jpg,0
FloodNet_dataset/train/image/6919.jpg,0
FloodNet_dataset/train/image/10181.jpg,0
FloodNet_dataset/train/image/8345.jpg,0
FloodNet_dataset/train/image/6711.jpg,1
FloodNet_dataset/train/image/8060.jpg,0
FloodNet_dataset/train/image/8235.jpg,0
FloodNet_dataset/train/image/9343.jpg,0
FloodNet_dataset/train/image/6982.jpg,0
FloodNet_dataset/train/image/9010.jpg,0
FloodNet_dataset/train/image/6996.jpg,0
FloodNet_dataset/train/image/7147.jpg,0
FloodNet_dataset/train/image/7426.jpg,1
FloodNet_dataset/train/image/7718.jpg,1
FloodNet_dataset/train/image/7235.jpg,0
FloodNet_dataset/train/image/7201.jpg,0
FloodNet_dataset/train/image/8176.jpg,0
FloodNet_dataset/train/image/8251.jpg,0
FloodNet_dataset/train/image/7982.jpg,0
FloodNet_dataset/train/image/7688.jpg,0
FloodNet_dataset/train/image/7299.jpg,1
FloodNet_dataset/train/image/6388.jpg,0
FloodNet_dataset/train/image/8786.jpg,0
FloodNet_dataset/train/image/7290.jpg,1
FloodNet_dataset/train/image/7966.jpg,0
FloodNet_dataset/train/image/7332.jpg,1
FloodNet_dataset/train/image/8906.jpg,0
FloodNet_dataset/train/image/6908.jpg,0
FloodNet_dataset/train/image/7240.jpg,1
FloodNet_dataset/train/image/8244.jpg,0
FloodNet_dataset/train/image/7310.jpg,1
FloodNet_dataset/train/image/8284.jpg,0
FloodNet_dataset/train/image/8524.jpg,0
FloodNet_dataset/train/image/8406.jpg,0
FloodNet_dataset/train/image/8886.jpg,0
FloodNet_dataset/train/image/8500.jpg,0
FloodNet_dataset/train/image/10806.jpg,0
FloodNet_dataset/train/image/7923.jpg,0
FloodNet_dataset/train/image/8013.jpg,0
FloodNet_dataset/train/image/7893.jpg,0
FloodNet_dataset/train/image/7711.jpg,1
FloodNet_dataset/train/image/6543.jpg,0
FloodNet_dataset/train/image/7829.jpg,0
FloodNet_dataset/train/image/10184.jpg,0
FloodNet_dataset/train/image/7852.jpg,0
FloodNet_dataset/train/image/8483.jpg,0
FloodNet_dataset/train/image/6686.jpg,0
FloodNet_dataset/train/image/8342.jpg,0
FloodNet_dataset/train/image/8586.jpg,0
FloodNet_dataset/train/image/7748.jpg,1
FloodNet_dataset/train/image/8658.jpg,0
FloodNet_dataset/train/image/6617.jpg,0
FloodNet_dataset/train/image/6523.jpg,0
FloodNet_dataset/train/image/7567.jpg,1
FloodNet_dataset/train/image/8130.jpg,0
FloodNet_dataset/train/image/9895.jpg,0
FloodNet_dataset/train/image/6643.jpg,0
FloodNet_dataset/train/image/7787.jpg,0
FloodNet_dataset/train/image/7221.jpg,0
FloodNet_dataset/train/image/7861.jpg,0
FloodNet_dataset/train/image/6656.jpg,0
FloodNet_dataset/train/image/6914.jpg,0
FloodNet_dataset/train/image/6559.jpg,0
FloodNet_dataset/train/image/8205.jpg,1
FloodNet_dataset/train/image/6819.jpg,0
FloodNet_dataset/train/image/7958.jpg,0
FloodNet_dataset/train/image/6747.jpg,1
FloodNet_dataset/train/image/9084.jpg,0
FloodNet_dataset/train/image/7954.jpg,0
FloodNet_dataset/train/image/8774.jpg,0
FloodNet_dataset/train/image/8409.jpg,0
FloodNet_dataset/train/image/7872.jpg,0
FloodNet_dataset/train/image/6851.jpg,0
FloodNet_dataset/train/image/8256.jpg,0
FloodNet_dataset/train/image/8386.jpg,0
FloodNet_dataset/train/image/8921.jpg,0
FloodNet_dataset/train/image/7729.jpg,0
FloodNet_dataset/train/image/8971.jpg,1
FloodNet_dataset/train/image/7673.jpg,0
FloodNet_dataset/train/image/7713.jpg,0
FloodNet_dataset/train/image/6460.jpg,1
FloodNet_dataset/train/image/6407.jpg,0
FloodNet_dataset/train/image/7890.jpg,0
FloodNet_dataset/train/image/6716.jpg,1
FloodNet_dataset/train/image/6344.jpg,0
FloodNet_dataset/train/image/8978.jpg,0
FloodNet_dataset/train/image/6586.jpg,0
FloodNet_dataset/train/image/8953.jpg,0
FloodNet_dataset/train/image/6352.jpg,0
FloodNet_dataset/train/image/7693.jpg,1
FloodNet_dataset/train/image/10168.jpg,0
FloodNet_dataset/train/image/8417.jpg,0
FloodNet_dataset/train/image/8086.jpg,0
FloodNet_dataset/train/image/8305.jpg,0
FloodNet_dataset/train/image/7024.jpg,0
FloodNet_dataset/train/image/9898.jpg,0
FloodNet_dataset/train/image/7724.jpg,1
FloodNet_dataset/train/image/8984.jpg,0
FloodNet_dataset/train/image/7011.jpg,0
FloodNet_dataset/train/image/6997.jpg,0
FloodNet_dataset/train/image/7556.jpg,1
FloodNet_dataset/train/image/6760.jpg,1
FloodNet_dataset/train/image/9365.jpg,0
FloodNet_dataset/train/image/7830.jpg,0
FloodNet_dataset/train/image/7778.jpg,1
FloodNet_dataset/train/image/7641.jpg,1
FloodNet_dataset/train/image/7808.jpg,1
FloodNet_dataset/train/image/8822.jpg,0
FloodNet_dataset/train/image/9925.jpg,0
FloodNet_dataset/train/image/9513.jpg,1
FloodNet_dataset/train/image/8556.jpg,0
FloodNet_dataset/train/image/9017.jpg,0
FloodNet_dataset/train/image/7288.jpg,1
FloodNet_dataset/train/image/6645.jpg,0
FloodNet_dataset/train/image/7672.jpg,0
FloodNet_dataset/train/image/6341.jpg,0
FloodNet_dataset/train/image/7335.jpg,1
FloodNet_dataset/train/image/6548.jpg,0
FloodNet_dataset/train/image/8960.jpg,1
FloodNet_dataset/train/image/7340.jpg,1
FloodNet_dataset/train/image/6938.jpg,0
FloodNet_dataset/train/image/9095.jpg,0
FloodNet_dataset/train/image/7298.jpg,1
FloodNet_dataset/train/image/7293.jpg,1
FloodNet_dataset/train/image/8059.jpg,0
FloodNet_dataset/train/image/6820.jpg,0
FloodNet_dataset/train/image/8157.jpg,0
FloodNet_dataset/train/image/6402.jpg,0
FloodNet_dataset/train/image/7816.jpg,1
FloodNet_dataset/train/image/8141.jpg,0
FloodNet_dataset/train/image/7645.jpg,0
FloodNet_dataset/train/image/8470.jpg,0
FloodNet_dataset/train/image/8146.jpg,0
FloodNet_dataset/train/image/7452.jpg,1
FloodNet_dataset/train/image/8932.jpg,0
FloodNet_dataset/train/image/8517.jpg,0
FloodNet_dataset/train/image/8132.jpg,0
FloodNet_dataset/train/image/8823.jpg,0
FloodNet_dataset/train/image/7185.jpg,0
FloodNet_dataset/train/image/8038.jpg,0
FloodNet_dataset/train/image/8487.jpg,0
FloodNet_dataset/train/image/7263.jpg,1
FloodNet_dataset/train/image/6836.jpg,0
FloodNet_dataset/train/image/6859.jpg,0
FloodNet_dataset/train/image/6457.jpg,1
FloodNet_dataset/train/image/6426.jpg,0
FloodNet_dataset/train/image/7356.jpg,1
FloodNet_dataset/train/image/7925.jpg,0
FloodNet_dataset/train/image/8970.jpg,1
FloodNet_dataset/train/image/7003.jpg,0
FloodNet_dataset/train/image/6584.jpg,0
FloodNet_dataset/train/image/8956.jpg,0
FloodNet_dataset/train/image/6754.jpg,1
FloodNet_dataset/train/image/8400.jpg,0
FloodNet_dataset/train/image/8174.jpg,0
FloodNet_dataset/train/image/8526.jpg,0
FloodNet_dataset/train/image/7707.jpg,1
FloodNet_dataset/train/image/7243.jpg,1
FloodNet_dataset/train/image/8005.jpg,0
FloodNet_dataset/train/image/7901.jpg,0
FloodNet_dataset/train/image/6504.jpg,0
FloodNet_dataset/train/image/8202.jpg,0
FloodNet_dataset/train/image/6675.jpg,0
FloodNet_dataset/train/image/7184.jpg,0
FloodNet_dataset/train/image/6664.jpg,0
FloodNet_dataset/train/image/7186.jpg,0
FloodNet_dataset/train/image/8108.jpg,0
FloodNet_dataset/train/image/7573.jpg,1
FloodNet_dataset/train/image/9797.jpg,0
FloodNet_dataset/train/image/6824.jpg,0
FloodNet_dataset/train/image/8335.jpg,0
FloodNet_dataset/train/image/6687.jpg,0
FloodNet_dataset/train/image/7071.jpg,0
FloodNet_dataset/train/image/6481.jpg,0
FloodNet_dataset/train/image/9090.jpg,0
FloodNet_dataset/train/image/6520.jpg,0
FloodNet_dataset/train/image/6542.jpg,0
FloodNet_dataset/train/image/7193.jpg,0
FloodNet_dataset/train/image/7438.jpg,0
FloodNet_dataset/train/image/7205.jpg,1
FloodNet_dataset/train/image/6693.jpg,1
FloodNet_dataset/train/image/6763.jpg,1
FloodNet_dataset/train/image/8922.jpg,0
FloodNet_dataset/train/image/8281.jpg,0
FloodNet_dataset/train/image/9022.jpg,0
FloodNet_dataset/train/image/7082.jpg,0
FloodNet_dataset/train/image/9366.jpg,1
FloodNet_dataset/train/image/6424.jpg,0
FloodNet_dataset/train/image/6924.jpg,0
FloodNet_dataset/train/image/8516.jpg,0
FloodNet_dataset/train/image/7473.jpg,1
FloodNet_dataset/train/image/6413.jpg,0
FloodNet_dataset/train/image/7202.jpg,0
FloodNet_dataset/train/image/7073.jpg,0
FloodNet_dataset/train/image/6566.jpg,0
FloodNet_dataset/train/image/6640.jpg,0
FloodNet_dataset/train/image/8917.jpg,0
FloodNet_dataset/train/image/8411.jpg,0
FloodNet_dataset/train/image/9047.jpg,0
FloodNet_dataset/train/image/8226.jpg,0
FloodNet_dataset/train/image/8001.jpg,0
FloodNet_dataset/train/image/8267.jpg,0
FloodNet_dataset/train/image/7179.jpg,0
FloodNet_dataset/train/image/8119.jpg,0
FloodNet_dataset/train/image/9116.jpg,0
FloodNet_dataset/train/image/6498.jpg,0
FloodNet_dataset/train/image/7776.jpg,0
FloodNet_dataset/train/image/6601.jpg,1
FloodNet_dataset/train/image/6446.jpg,1
FloodNet_dataset/train/image/8320.jpg,0
FloodNet_dataset/train/image/8046.jpg,0
FloodNet_dataset/train/image/8245.jpg,0
FloodNet_dataset/train/image/6610.jpg,1
FloodNet_dataset/train/image/10170.jpg,0
FloodNet_dataset/train/image/7934.jpg,0
FloodNet_dataset/train/image/8336.jpg,0
FloodNet_dataset/train/image/7414.jpg,1
FloodNet_dataset/train/image/9345.jpg,1
FloodNet_dataset/train/image/7717.jpg,1
FloodNet_dataset/train/image/7675.jpg,0
FloodNet_dataset/train/image/6430.jpg,0
FloodNet_dataset/train/image/8044.jpg,0
FloodNet_dataset/train/image/7209.jpg,0
FloodNet_dataset/train/image/7469.jpg,1
FloodNet_dataset/train/image/6789.jpg,0
FloodNet_dataset/train/image/9796.jpg,0
FloodNet_dataset/train/image/7047.jpg,0
FloodNet_dataset/train/image/7677.jpg,0
FloodNet_dataset/train/image/7132.jpg,0
FloodNet_dataset/train/image/9459.jpg,1
FloodNet_dataset/train/image/8347.jpg,0
FloodNet_dataset/train/image/8593.jpg,0
FloodNet_dataset/train/image/6620.jpg,0
FloodNet_dataset/train/image/9894.jpg,0
FloodNet_dataset/train/image/6797.jpg,0
FloodNet_dataset/train/image/7086.jpg,0
FloodNet_dataset/train/image/7871.jpg,0
FloodNet_dataset/train/image/7094.jpg,0
FloodNet_dataset/train/image/7075.jpg,0
FloodNet_dataset/train/image/8427.jpg,0
FloodNet_dataset/train/image/8168.jpg,0
FloodNet_dataset/train/image/6379.jpg,0
FloodNet_dataset/train/image/9080.jpg,0
FloodNet_dataset/train/image/9078.jpg,0
FloodNet_dataset/train/image/9722.jpg,0
FloodNet_dataset/train/image/8914.jpg,0
FloodNet_dataset/train/image/6450.jpg,1
FloodNet_dataset/train/image/8379.jpg,0
FloodNet_dataset/train/image/8927.jpg,0
FloodNet_dataset/train/image/7910.jpg,0
FloodNet_dataset/train/image/6810.jpg,0
FloodNet_dataset/train/image/8090.jpg,0
FloodNet_dataset/train/image/6790.jpg,0
FloodNet_dataset/train/image/8227.jpg,0
FloodNet_dataset/train/image/8138.jpg,0
FloodNet_dataset/train/image/7892.jpg,0
FloodNet_dataset/train/image/6652.jpg,0
FloodNet_dataset/train/image/8918.jpg,0
FloodNet_dataset/train/image/7081.jpg,0
FloodNet_dataset/train/image/8818.jpg,0
FloodNet_dataset/train/image/7654.jpg,0
FloodNet_dataset/train/image/6458.jpg,1
FloodNet_dataset/train/image/9104.jpg,0
FloodNet_dataset/train/image/7770.jpg,1
FloodNet_dataset/train/image/7465.jpg,1
FloodNet_dataset/train/image/8817.jpg,0
FloodNet_dataset/train/image/6735.jpg,1
FloodNet_dataset/train/image/7472.jpg,1
FloodNet_dataset/train/image/7782.jpg,1
FloodNet_dataset/train/image/6580.jpg,0
FloodNet_dataset/train/image/7026.jpg,0
FloodNet_dataset/train/image/7965.jpg,0
FloodNet_dataset/train/image/7704.jpg,1
FloodNet_dataset/train/image/7434.jpg,1
FloodNet_dataset/train/image/7596.jpg,1
FloodNet_dataset/train/image/7736.jpg,0
FloodNet_dataset/train/image/6462.jpg,1
FloodNet_dataset/train/image/6513.jpg,0
FloodNet_dataset/train/image/10182.jpg,0
FloodNet_dataset/train/image/8350.jpg,0
FloodNet_dataset/train/image/7814.jpg,1
FloodNet_dataset/train/image/6509.jpg,0
FloodNet_dataset/train/image/8799.jpg,0
FloodNet_dataset/train/image/7410.jpg,1
FloodNet_dataset/train/image/7007.jpg,0
FloodNet_dataset/train/image/10841.jpg,0
FloodNet_dataset/train/image/8528.jpg,0
FloodNet_dataset/train/image/9028.jpg,0
FloodNet_dataset/train/image/6792.jpg,0
FloodNet_dataset/train/image/8987.jpg,0
FloodNet_dataset/train/image/6469.jpg,0
FloodNet_dataset/train/image/7222.jpg,0
FloodNet_dataset/train/image/7827.jpg,0
FloodNet_dataset/train/image/9033.jpg,0
FloodNet_dataset/train/image/8355.jpg,0
FloodNet_dataset/train/image/7049.jpg,0
FloodNet_dataset/train/image/9091.jpg,0
FloodNet_dataset/train/image/7692.jpg,1
FloodNet_dataset/train/image/6662.jpg,0
FloodNet_dataset/train/image/6592.jpg,0
FloodNet_dataset/train/image/6955.jpg,0
FloodNet_dataset/train/image/7967.jpg,0
FloodNet_dataset/train/image/6589.jpg,0
FloodNet_dataset/train/image/7225.jpg,0
FloodNet_dataset/train/image/8015.jpg,0
FloodNet_dataset/train/image/8423.jpg,0
FloodNet_dataset/train/image/8603.jpg,0
FloodNet_dataset/train/image/7122.jpg,0
FloodNet_dataset/train/image/7680.jpg,0
FloodNet_dataset/train/image/6968.jpg,0
FloodNet_dataset/test/image/7294.jpg,1
FloodNet_dataset/test/image/7420.jpg,1
FloodNet_dataset/test/image/9013.jpg,0
FloodNet_dataset/test/image/8948.jpg,0
FloodNet_dataset/test/image/7604.jpg,0
FloodNet_dataset/test/image/7361.jpg,1
FloodNet_dataset/test/image/6765.jpg,0
FloodNet_dataset/test/image/8259.jpg,0
FloodNet_dataset/test/image/8514.jpg,0
FloodNet_dataset/test/image/8170.jpg,0
FloodNet_dataset/test/image/7284.jpg,1
FloodNet_dataset/test/image/7964.jpg,0
FloodNet_dataset/test/image/7457.jpg,1
FloodNet_dataset/test/image/8949.jpg,0
FloodNet_dataset/test/image/8262.jpg,0
FloodNet_dataset/test/image/8329.jpg,0
FloodNet_dataset/test/image/9055.jpg,0
FloodNet_dataset/test/image/6680.jpg,0
FloodNet_dataset/test/image/7821.jpg,0
FloodNet_dataset/test/image/8784.jpg,0
FloodNet_dataset/test/image/8530.jpg,0
FloodNet_dataset/test/image/6954.jpg,0
FloodNet_dataset/test/image/6389.jpg,0
FloodNet_dataset/test/image/6371.jpg,0
FloodNet_dataset/test/image/7772.jpg,1
FloodNet_dataset/test/image/7651.jpg,0
FloodNet_dataset/test/image/8027.jpg,0
FloodNet_dataset/test/image/7780.jpg,1
FloodNet_dataset/test/image/10823.jpg,0
FloodNet_dataset/test/image/7041.jpg,0
FloodNet_dataset/test/image/6561.jpg,0
FloodNet_dataset/test/image/7876.jpg,0
FloodNet_dataset/test/image/7773.jpg,1
FloodNet_dataset/test/image/7652.jpg,0
FloodNet_dataset/test/image/6557.jpg,0
FloodNet_dataset/test/image/8478.jpg,0
FloodNet_dataset/test/image/9878.jpg,0
FloodNet_dataset/test/image/7995.jpg,0
FloodNet_dataset/test/image/8937.jpg,1
FloodNet_dataset/test/image/6768.jpg,0
FloodNet_dataset/test/image/7461.jpg,1
FloodNet_dataset/test/image/8028.jpg,0
FloodNet_dataset/test/image/7023.jpg,0
FloodNet_dataset/test/image/8017.jpg,0
FloodNet_dataset/test/image/8544.jpg,0
FloodNet_dataset/test/image/8040.jpg,0
FloodNet_dataset/test/image/7758.jpg,1
FloodNet_dataset/test/image/9058.jpg,0
FloodNet_dataset/test/image/9539.jpg,1
FloodNet_dataset/test/image/6856.jpg,0
FloodNet_dataset/test/image/7644.jpg,0
FloodNet_dataset/test/image/8533.jpg,0
FloodNet_dataset/test/image/7486.jpg,1
FloodNet_dataset/test/image/7233.jpg,0
FloodNet_dataset/test/image/6963.jpg,0
FloodNet_dataset/test/image/7794.jpg,0
FloodNet_dataset/test/image/7154.jpg,0
FloodNet_dataset/test/image/7063.jpg,0
FloodNet_dataset/test/image/8041.jpg,0
FloodNet_dataset/test/image/7956.jpg,0
FloodNet_dataset/test/image/7730.jpg,0
FloodNet_dataset/test/image/6517.jpg,0
FloodNet_dataset/test/image/7593.jpg,1
FloodNet_dataset/test/image/7906.jpg,0
FloodNet_dataset/test/image/7376.jpg,1
FloodNet_dataset/test/image/6545.jpg,0
FloodNet_dataset/test/image/7927.jpg,0
FloodNet_dataset/test/image/9012.jpg,0
FloodNet_dataset/test/image/7698.jpg,1
FloodNet_dataset/test/image/8776.jpg,0
FloodNet_dataset/test/image/7755.jpg,1
FloodNet_dataset/test/image/8421.jpg,0
FloodNet_dataset/test/image/6550.jpg,0
FloodNet_dataset/test/image/8307.jpg,0
FloodNet_dataset/test/image/8542.jpg,0
FloodNet_dataset/test/image/7291.jpg,1
FloodNet_dataset/test/image/8428.jpg,0
FloodNet_dataset/test/image/8194.jpg,0
FloodNet_dataset/test/image/9067.jpg,0
FloodNet_dataset/test/image/7812.jpg,1
FloodNet_dataset/test/image/8397.jpg,0
FloodNet_dataset/test/image/6815.jpg,0
FloodNet_dataset/test/image/8773.jpg,0
FloodNet_dataset/test/image/8440.jpg,0
FloodNet_dataset/test/image/6476.jpg,1
FloodNet_dataset/test/image/7241.jpg,1
FloodNet_dataset/test/image/9721.jpg,0
FloodNet_dataset/test/image/8021.jpg,0
FloodNet_dataset/test/image/8214.jpg,0
FloodNet_dataset/test/image/6951.jpg,1
FloodNet_dataset/test/image/8160.jpg,0
FloodNet_dataset/test/image/8287.jpg,0
FloodNet_dataset/test/image/8199.jpg,0
FloodNet_dataset/test/image/6910.jpg,0
FloodNet_dataset/test/image/8140.jpg,0
FloodNet_dataset/test/image/7866.jpg,1
FloodNet_dataset/test/image/8343.jpg,0
FloodNet_dataset/test/image/8981.jpg,0
FloodNet_dataset/test/image/8126.jpg,0
FloodNet_dataset/test/image/7339.jpg,1
FloodNet_dataset/test/image/7172.jpg,0
FloodNet_dataset/test/image/8789.jpg,0
FloodNet_dataset/test/image/8942.jpg,1
FloodNet_dataset/test/image/6514.jpg,0
FloodNet_dataset/test/image/7253.jpg,1
FloodNet_dataset/test/image/7464.jpg,1
FloodNet_dataset/test/image/9044.jpg,0
FloodNet_dataset/test/image/6536.jpg,0
FloodNet_dataset/test/image/9348.jpg,1
FloodNet_dataset/test/image/8781.jpg,0
FloodNet_dataset/test/image/6717.jpg,1
FloodNet_dataset/test/image/7231.jpg,0
FloodNet_dataset/test/image/6488.jpg,1
FloodNet_dataset/test/image/6744.jpg,1
FloodNet_dataset/test/image/8183.jpg,0
FloodNet_dataset/test/image/7413.jpg,1
FloodNet_dataset/test/image/7877.jpg,0
FloodNet_dataset/test/image/7911.jpg,0
FloodNet_dataset/test/image/6419.jpg,0
FloodNet_dataset/test/image/7903.jpg,0
FloodNet_dataset/test/image/7997.jpg,0
FloodNet_dataset/test/image/7921.jpg,0
FloodNet_dataset/test/image/6590.jpg,0
FloodNet_dataset/test/image/7213.jpg,0
FloodNet_dataset/test/image/7595.jpg,1
FloodNet_dataset/test/image/8797.jpg,0
FloodNet_dataset/test/image/7740.jpg,0
FloodNet_dataset/test/image/8026.jpg,0
FloodNet_dataset/test/image/7476.jpg,1
FloodNet_dataset/test/image/8511.jpg,0
FloodNet_dataset/test/image/7684.jpg,0
FloodNet_dataset/test/image/6562.jpg,0
FloodNet_dataset/test/image/7320.jpg,1
FloodNet_dataset/test/image/7149.jpg,0
FloodNet_dataset/test/image/9037.jpg,0
FloodNet_dataset/test/image/7690.jpg,0
FloodNet_dataset/test/image/9886.jpg,0
FloodNet_dataset/test/image/8792.jpg,0
FloodNet_dataset/test/image/8356.jpg,0
FloodNet_dataset/test/image/9883.jpg,0
FloodNet_dataset/test/image/7054.jpg,0
FloodNet_dataset/test/image/8031.jpg,0
FloodNet_dataset/test/image/6850.jpg,0
FloodNet_dataset/test/image/6920.jpg,0
FloodNet_dataset/test/image/8778.jpg,0
FloodNet_dataset/test/image/7993.jpg,0
FloodNet_dataset/test/image/6786.jpg,0
FloodNet_dataset/test/image/7415.jpg,1
FloodNet_dataset/test/image/6905.jpg,0
FloodNet_dataset/test/image/6468.jpg,0
FloodNet_dataset/test/image/7666.jpg,0
FloodNet_dataset/test/image/6895.jpg,0
FloodNet_dataset/test/image/8237.jpg,0
FloodNet_dataset/test/image/8767.jpg,0
FloodNet_dataset/test/image/10829.jpg,0
FloodNet_dataset/test/image/7323.jpg,1
FloodNet_dataset/test/image/7813.jpg,1
FloodNet_dataset/test/image/7986.jpg,0
FloodNet_dataset/test/image/6825.jpg,0
FloodNet_dataset/test/image/9035.jpg,0
FloodNet_dataset/test/image/9891.jpg,0
FloodNet_dataset/test/image/6362.jpg,0
FloodNet_dataset/test/image/8292.jpg,0
FloodNet_dataset/test/image/6677.jpg,0
FloodNet_dataset/test/image/8402.jpg,0
FloodNet_dataset/test/image/6893.jpg,0
FloodNet_dataset/test/image/8376.jpg,0
FloodNet_dataset/test/image/7279.jpg,1
FloodNet_dataset/test/image/7957.jpg,0
FloodNet_dataset/test/image/8341.jpg,0
FloodNet_dataset/test/image/7888.jpg,0
FloodNet_dataset/test/image/6785.jpg,0
FloodNet_dataset/test/image/8983.jpg,0
FloodNet_dataset/test/image/8525.jpg,0
FloodNet_dataset/test/image/8961.jpg,1
FloodNet_dataset/test/image/9114.jpg,0
FloodNet_dataset/test/image/6906.jpg,0
FloodNet_dataset/test/image/7029.jpg,0
FloodNet_dataset/test/image/6383.jpg,0
FloodNet_dataset/test/image/9006.jpg,0
FloodNet_dataset/test/image/6695.jpg,1
FloodNet_dataset/test/image/7874.jpg,0
FloodNet_dataset/test/image/7822.jpg,0
FloodNet_dataset/test/image/8959.jpg,1
FloodNet_dataset/test/image/6679.jpg,0
FloodNet_dataset/test/image/6663.jpg,0
FloodNet_dataset/test/image/7042.jpg,0
FloodNet_dataset/test/image/9109.jpg,0
FloodNet_dataset/test/image/10174.jpg,0
FloodNet_dataset/test/image/6672.jpg,0
FloodNet_dataset/test/image/7803.jpg,1
FloodNet_dataset/test/image/6688.jpg,0
FloodNet_dataset/test/image/7085.jpg,0
FloodNet_dataset/test/image/6417.jpg,0
FloodNet_dataset/test/image/7300.jpg,1
FloodNet_dataset/test/image/8812.jpg,0
FloodNet_dataset/test/image/8073.jpg,0
FloodNet_dataset/test/image/10164.jpg,1
FloodNet_dataset/test/image/8934.jpg,0
FloodNet_dataset/test/image/7926.jpg,0
FloodNet_dataset/test/image/7215.jpg,0
FloodNet_dataset/test/image/7333.jpg,1
FloodNet_dataset/test/image/8162.jpg,0
FloodNet_dataset/test/image/8100.jpg,0
FloodNet_dataset/test/image/7141.jpg,0
FloodNet_dataset/test/image/6775.jpg,0
FloodNet_dataset/test/image/7057.jpg,0
FloodNet_dataset/test/image/6774.jpg,0
FloodNet_dataset/test/image/8007.jpg,0
FloodNet_dataset/test/image/8303.jpg,0
FloodNet_dataset/test/image/6751.jpg,1
FloodNet_dataset/test/image/7817.jpg,1
FloodNet_dataset/test/image/6394.jpg,0
FloodNet_dataset/test/image/7804.jpg,1
FloodNet_dataset/test/image/9112.jpg,0
FloodNet_dataset/test/image/6718.jpg,1
FloodNet_dataset/test/image/8147.jpg,0
FloodNet_dataset/test/image/7016.jpg,0
FloodNet_dataset/test/image/6412.jpg,0
FloodNet_dataset/test/image/8219.jpg,0
FloodNet_dataset/test/image/7771.jpg,1
FloodNet_dataset/test/image/7406.jpg,1
FloodNet_dataset/test/image/7928.jpg,0
FloodNet_dataset/test/image/8125.jpg,0
FloodNet_dataset/test/image/8064.jpg,0
FloodNet_dataset/test/image/9872.jpg,0
FloodNet_dataset/test/image/7581.jpg,1
FloodNet_dataset/test/image/8447.jpg,0
FloodNet_dataset/test/image/6896.jpg,0
FloodNet_dataset/test/image/8814.jpg,0
FloodNet_dataset/test/image/8233.jpg,0
FloodNet_dataset/test/image/8860.jpg,0
FloodNet_dataset/test/image/8201.jpg,0
FloodNet_dataset/test/image/8462.jpg,0
FloodNet_dataset/test/image/6593.jpg,0
FloodNet_dataset/test/image/8103.jpg,0
FloodNet_dataset/test/image/8391.jpg,0
FloodNet_dataset/test/image/9045.jpg,0
FloodNet_dataset/test/image/8364.jpg,0
FloodNet_dataset/test/image/8076.jpg,0
FloodNet_dataset/test/image/8399.jpg,0
FloodNet_dataset/test/image/9002.jpg,0
FloodNet_dataset/test/image/7031.jpg,0
FloodNet_dataset/test/image/8362.jpg,0
FloodNet_dataset/test/image/7605.jpg,0
FloodNet_dataset/test/image/7983.jpg,0
FloodNet_dataset/test/image/7881.jpg,0
FloodNet_dataset/test/image/7056.jpg,0
FloodNet_dataset/test/image/6912.jpg,0
FloodNet_dataset/test/image/9001.jpg,0
FloodNet_dataset/test/image/7689.jpg,0
FloodNet_dataset/test/image/9068.jpg,0
FloodNet_dataset/test/image/8541.jpg,0
FloodNet_dataset/test/image/7126.jpg,0
FloodNet_dataset/test/image/6353.jpg,0
FloodNet_dataset/test/image/10814.jpg,0
FloodNet_dataset/test/image/8211.jpg,0
FloodNet_dataset/test/image/6761.jpg,1
FloodNet_dataset/test/image/7743.jpg,1
FloodNet_dataset/test/image/8062.jpg,0
FloodNet_dataset/test/image/8401.jpg,0
FloodNet_dataset/test/image/8815.jpg,0
FloodNet_dataset/test/image/7723.jpg,1
FloodNet_dataset/test/image/6449.jpg,1
FloodNet_dataset/test/image/7092.jpg,0
FloodNet_dataset/test/image/7935.jpg,0
FloodNet_dataset/test/image/8189.jpg,0
FloodNet_dataset/test/image/8332.jpg,0
FloodNet_dataset/test/image/8115.jpg,0
FloodNet_dataset/test/image/7586.jpg,1
FloodNet_dataset/test/image/6907.jpg,0
FloodNet_dataset/test/image/6405.jpg,0
FloodNet_dataset/test/image/8919.jpg,0
FloodNet_dataset/test/image/8930.jpg,0
FloodNet_dataset/test/image/8902.jpg,0
FloodNet_dataset/test/image/8302.jpg,0
FloodNet_dataset/test/image/8592.jpg,0
FloodNet_dataset/test/image/6959.jpg,0
FloodNet_dataset/test/image/8169.jpg,0
FloodNet_dataset/test/image/6780.jpg,0
FloodNet_dataset/test/image/8112.jpg,0
FloodNet_dataset/test/image/9004.jpg,0
FloodNet_dataset/test/image/7960.jpg,0
FloodNet_dataset/test/image/8338.jpg,0
FloodNet_dataset/test/image/6553.jpg,0
FloodNet_dataset/test/image/9113.jpg,0
FloodNet_dataset/test/image/6927.jpg,0
FloodNet_dataset/test/image/6700.jpg,0
FloodNet_dataset/test/image/7348.jpg,1
FloodNet_dataset/test/image/10808.jpg,0
FloodNet_dataset/test/image/6844.jpg,0
FloodNet_dataset/test/image/8378.jpg,0
FloodNet_dataset/test/image/8346.jpg,0
FloodNet_dataset/test/image/7915.jpg,0
FloodNet_dataset/test/image/6733.jpg,1
FloodNet_dataset/test/image/8762.jpg,0
FloodNet_dataset/test/image/9889.jpg,0
FloodNet_dataset/test/image/6377.jpg,0
FloodNet_dataset/test/image/8136.jpg,1
FloodNet_dataset/test/image/6420.jpg,0
FloodNet_dataset/test/image/8363.jpg,0
FloodNet_dataset/test/image/6342.jpg,0
FloodNet_dataset/test/image/7733.jpg,0
FloodNet_dataset/test/image/8999.jpg,0
FloodNet_dataset/test/image/8945.jpg,0
FloodNet_dataset/test/image/7930.jpg,0
FloodNet_dataset/test/image/6583.jpg,0
FloodNet_dataset/test/image/7423.jpg,1
FloodNet_dataset/test/image/10812.jpg,0
FloodNet_dataset/test/image/9096.jpg,0
FloodNet_dataset/test/image/6452.jpg,1
FloodNet_dataset/test/image/8810.jpg,0
FloodNet_dataset/test/image/8358.jpg,0
FloodNet_dataset/test/image/8279.jpg,0
FloodNet_dataset/test/image/6794.jpg,0
FloodNet_dataset/test/image/7143.jpg,0
FloodNet_dataset/test/image/7577.jpg,1
FloodNet_dataset/test/image/7611.jpg,1
FloodNet_dataset/test/image/6567.jpg,0
FloodNet_dataset/test/image/9042.jpg,0
FloodNet_dataset/test/image/7583.jpg,1
FloodNet_dataset/test/image/8494.jpg,0
FloodNet_dataset/test/image/9054.jpg,0
FloodNet_dataset/test/image/7543.jpg,1
FloodNet_dataset/test/image/8795.jpg,0
FloodNet_dataset/test/image/7647.jpg,0
FloodNet_dataset/test/image/10839.jpg,0
FloodNet_dataset/test/image/8048.jpg,0
FloodNet_dataset/test/image/9056.jpg,0
FloodNet_dataset/test/image/6915.jpg,0
FloodNet_dataset/test/image/7431.jpg,1
FloodNet_dataset/test/image/9107.jpg,0
FloodNet_dataset/test/image/7616.jpg,0
FloodNet_dataset/test/image/7763.jpg,1
FloodNet_dataset/test/image/7840.jpg,0
FloodNet_dataset/test/image/8308.jpg,0
FloodNet_dataset/test/image/6796.jpg,0
FloodNet_dataset/test/image/8558.jpg,0
FloodNet_dataset/test/image/6336.jpg,0
FloodNet_dataset/test/image/7191.jpg,0
FloodNet_dataset/test/image/7105.jpg,0
FloodNet_dataset/test/image/8367.jpg,0
FloodNet_dataset/test/image/7759.jpg,1
FloodNet_dataset/test/image/7839.jpg,0
FloodNet_dataset/test/image/6619.jpg,0
FloodNet_dataset/test/image/7223.jpg,0
FloodNet_dataset/test/image/7069.jpg,0
FloodNet_dataset/test/image/8203.jpg,0
FloodNet_dataset/test/image/8111.jpg,0
FloodNet_dataset/test/image/8523.jpg,0
FloodNet_dataset/test/image/7158.jpg,0
FloodNet_dataset/test/image/8339.jpg,0
FloodNet_dataset/test/image/7307.jpg,1
FloodNet_dataset/test/image/8926.jpg,0
FloodNet_dataset/test/image/8486.jpg,0
FloodNet_dataset/test/image/11483.jpg,0
FloodNet_dataset/test/image/7899.jpg,0
FloodNet_dataset/test/image/6659.jpg,0
FloodNet_dataset/test/image/6671.jpg,0
FloodNet_dataset/test/image/9367.jpg,0
FloodNet_dataset/test/image/7450.jpg,0
FloodNet_dataset/test/image/8290.jpg,0
FloodNet_dataset/test/image/9032.jpg,0
FloodNet_dataset/test/image/10843.jpg,0
FloodNet_dataset/test/image/7220.jpg,0
FloodNet_dataset/test/image/8543.jpg,0
FloodNet_dataset/test/image/10183.jpg,0
FloodNet_dataset/test/image/6624.jpg,0
FloodNet_dataset/test/image/8310.jpg,0
FloodNet_dataset/test/image/6827.jpg,0
FloodNet_dataset/test/image/9018.jpg,0
FloodNet_dataset/test/image/7590.jpg,1
FloodNet_dataset/test/image/10163.jpg,1
FloodNet_dataset/test/image/9082.jpg,0
FloodNet_dataset/test/image/8989.jpg,0
FloodNet_dataset/test/image/7359.jpg,1
FloodNet_dataset/test/image/9344.jpg,1
FloodNet_dataset/test/image/9092.jpg,0
FloodNet_dataset/test/image/8324.jpg,0
FloodNet_dataset/test/image/8993.jpg,0
FloodNet_dataset/test/image/6632.jpg,0
FloodNet_dataset/test/image/8972.jpg,1
FloodNet_dataset/test/image/9060.jpg,0
FloodNet_dataset/test/image/6771.jpg,0
FloodNet_dataset/test/image/10167.jpg,1
FloodNet_dataset/test/image/6568.jpg,0
FloodNet_dataset/test/image/8104.jpg,0
FloodNet_dataset/test/image/10838.jpg,1
FloodNet_dataset/test/image/7308.jpg,1
FloodNet_dataset/test/image/7985.jpg,0
FloodNet_dataset/test/image/7969.jpg,0
FloodNet_dataset/test/image/7301.jpg,1
FloodNet_dataset/test/image/8601.jpg,0
FloodNet_dataset/test/image/6952.jpg,1
FloodNet_dataset/test/image/8898.jpg,0
FloodNet_dataset/test/image/8022.jpg,0
FloodNet_dataset/test/image/6795.jpg,0
FloodNet_dataset/test/image/6467.jpg,0
FloodNet_dataset/test/image/7946.jpg,0
FloodNet_dataset/test/image/10813.jpg,0
FloodNet_dataset/test/image/8912.jpg,0
FloodNet_dataset/test/image/8154.jpg,0
FloodNet_dataset/test/image/8557.jpg,0
FloodNet_dataset/test/image/7584.jpg,1
FloodNet_dataset/test/image/8293.jpg,0
FloodNet_dataset/test/image/6638.jpg,0
FloodNet_dataset/test/image/7889.jpg,0
FloodNet_dataset/test/image/7853.jpg,1
FloodNet_dataset/test/image/9231.jpg,0
FloodNet_dataset/test/image/6391.jpg,0
FloodNet_dataset/test/image/8316.jpg,0
FloodNet_dataset/test/image/6558.jpg,0
FloodNet_dataset/test/image/7541.jpg,1
FloodNet_dataset/test/image/8991.jpg,0
FloodNet_dataset/test/image/7370.jpg,1
FloodNet_dataset/test/image/8309.jpg,0
FloodNet_dataset/test/image/6594.jpg,0
FloodNet_dataset/test/image/6898.jpg,0
FloodNet_dataset/test/image/9009.jpg,0
FloodNet_dataset/test/image/7880.jpg,0
FloodNet_dataset/test/image/7355.jpg,1
FloodNet_dataset/test/image/6831.jpg,0
FloodNet_dataset/test/image/7035.jpg,0
FloodNet_dataset/test/image/7757.jpg,1
FloodNet_dataset/test/image/7268.jpg,1
FloodNet_dataset/test/image/8340.jpg,0
FloodNet_dataset/test/image/7658.jpg,0
FloodNet_dataset/test/image/7904.jpg,0
FloodNet_dataset/test/image/8250.jpg,0
FloodNet_dataset/test/image/7708.jpg,1
FloodNet_dataset/test/image/8195.jpg,0
FloodNet_dataset/test/image/7004.jpg,0
FloodNet_dataset/test/image/6602.jpg,1
FloodNet_dataset/test/image/6778.jpg,0
FloodNet_dataset/test/image/6961.jpg,0
FloodNet_dataset/test/image/8372.jpg,0
FloodNet_dataset/test/image/8066.jpg,0
FloodNet_dataset/test/image/7961.jpg,0
FloodNet_dataset/test/image/6445.jpg,1
FloodNet_dataset/test/image/8439.jpg,0
FloodNet_dataset/test/image/8069.jpg,0
FloodNet_dataset/test/image/6979.jpg,0
FloodNet_dataset/test/image/7835.jpg,0
FloodNet_dataset/test/image/8018.jpg,0
FloodNet_dataset/test/image/7232.jpg,0
FloodNet_dataset/test/image/6691.jpg,1
FloodNet_dataset/test/image/6809.jpg,0
FloodNet_dataset/test/image/7315.jpg,1
FloodNet_dataset/val/image/6848.jpg,0
FloodNet_dataset/val/image/6709.jpg,0
FloodNet_dataset/val/image/8811.jpg,0
FloodNet_dataset/val/image/7005.jpg,0
FloodNet_dataset/val/image/8025.jpg,0
FloodNet_dataset/val/image/6485.jpg,1
FloodNet_dataset/val/image/9046.jpg,0
FloodNet_dataset/val/image/8395.jpg,0
FloodNet_dataset/val/image/7799.jpg,0
FloodNet_dataset/val/image/7224.jpg,0
FloodNet_dataset/val/image/7001.jpg,0
FloodNet_dataset/val/image/6470.jpg,0
FloodNet_dataset/val/image/6497.jpg,0
FloodNet_dataset/val/image/8114.jpg,0
FloodNet_dataset/val/image/7955.jpg,0
FloodNet_dataset/val/image/8790.jpg,0
FloodNet_dataset/val/image/6355.jpg,0
FloodNet_dataset/val/image/6487.jpg,1
FloodNet_dataset/val/image/6769.jpg,0
FloodNet_dataset/val/image/7657.jpg,0
FloodNet_dataset/val/image/8127.jpg,0
FloodNet_dataset/val/image/8180.jpg,0
FloodNet_dataset/val/image/8187.jpg,0
FloodNet_dataset/val/image/7781.jpg,1
FloodNet_dataset/val/image/8806.jpg,0
FloodNet_dataset/val/image/7169.jpg,0
FloodNet_dataset/val/image/8471.jpg,0
FloodNet_dataset/val/image/6784.jpg,0
FloodNet_dataset/val/image/7283.jpg,1
FloodNet_dataset/val/image/7076.jpg,0
FloodNet_dataset/val/image/7101.jpg,0
FloodNet_dataset/val/image/8913.jpg,0
FloodNet_dataset/val/image/7970.jpg,0
FloodNet_dataset/val/image/6331.jpg,0
FloodNet_dataset/val/image/8946.jpg,0
FloodNet_dataset/val/image/7446.jpg,1
FloodNet_dataset/val/image/10833.jpg,1
FloodNet_dataset/val/image/8377.jpg,0
FloodNet_dataset/val/image/6987.jpg,0
FloodNet_dataset/val/image/7701.jpg,1
FloodNet_dataset/val/image/7337.jpg,1
FloodNet_dataset/val/image/8155.jpg,0
FloodNet_dataset/val/image/7180.jpg,0
FloodNet_dataset/val/image/7152.jpg,0
FloodNet_dataset/val/image/7019.jpg,0
FloodNet_dataset/val/image/7838.jpg,0
FloodNet_dataset/val/image/6582.jpg,0
FloodNet_dataset/val/image/6554.jpg,0
FloodNet_dataset/val/image/6690.jpg,1
FloodNet_dataset/val/image/8988.jpg,0
FloodNet_dataset/val/image/6345.jpg,0
FloodNet_dataset/val/image/7334.jpg,1
FloodNet_dataset/val/image/7823.jpg,0
FloodNet_dataset/val/image/6777.jpg,0
FloodNet_dataset/val/image/8088.jpg,0
FloodNet_dataset/val/image/7329.jpg,1
FloodNet_dataset/val/image/10842.jpg,0
FloodNet_dataset/val/image/7885.jpg,0
FloodNet_dataset/val/image/8213.jpg,0
FloodNet_dataset/val/image/7437.jpg,1
FloodNet_dataset/val/image/7785.jpg,0
FloodNet_dataset/val/image/10824.jpg,0
FloodNet_dataset/val/image/8549.jpg,0
FloodNet_dataset/val/image/8624.jpg,0
FloodNet_dataset/val/image/7407.jpg,1
FloodNet_dataset/val/image/7747.jpg,1
FloodNet_dataset/val/image/6621.jpg,0
FloodNet_dataset/val/image/7762.jpg,1
FloodNet_dataset/val/image/9350.jpg,1
FloodNet_dataset/val/image/8595.jpg,0
FloodNet_dataset/val/image/8012.jpg,0
FloodNet_dataset/val/image/9881.jpg,0
FloodNet_dataset/val/image/7943.jpg,0
FloodNet_dataset/val/image/8198.jpg,0
FloodNet_dataset/val/image/6349.jpg,0
FloodNet_dataset/val/image/7990.jpg,0
FloodNet_dataset/val/image/8349.jpg,0
FloodNet_dataset/val/image/8908.jpg,0
FloodNet_dataset/val/image/7153.jpg,0
FloodNet_dataset/val/image/8179.jpg,0
FloodNet_dataset/val/image/8239.jpg,0
FloodNet_dataset/val/image/8004.jpg,0
FloodNet_dataset/val/image/8936.jpg,0
FloodNet_dataset/val/image/7068.jpg,0
FloodNet_dataset/val/image/7898.jpg,0
FloodNet_dataset/val/image/8058.jpg,0
FloodNet_dataset/val/image/8186.jpg,0
FloodNet_dataset/val/image/7358.jpg,1
FloodNet_dataset/val/image/7166.jpg,0
FloodNet_dataset/val/image/6482.jpg,0
FloodNet_dataset/val/image/7034.jpg,0
FloodNet_dataset/val/image/7897.jpg,0
FloodNet_dataset/val/image/7206.jpg,1
FloodNet_dataset/val/image/6502.jpg,0
FloodNet_dataset/val/image/7978.jpg,0
FloodNet_dataset/val/image/6378.jpg,0
FloodNet_dataset/val/image/7468.jpg,1
FloodNet_dataset/val/image/7002.jpg,0
FloodNet_dataset/val/image/7851.jpg,0
FloodNet_dataset/val/image/8373.jpg,0
FloodNet_dataset/val/image/6629.jpg,1
FloodNet_dataset/val/image/7988.jpg,0
FloodNet_dataset/val/image/7084.jpg,0
FloodNet_dataset/val/image/8780.jpg,0
FloodNet_dataset/val/image/8124.jpg,0
FloodNet_dataset/val/image/8328.jpg,0
FloodNet_dataset/val/image/6925.jpg,0
FloodNet_dataset/val/image/8258.jpg,0
FloodNet_dataset/val/image/7058.jpg,0
FloodNet_dataset/val/image/8120.jpg,0
FloodNet_dataset/val/image/8071.jpg,0
FloodNet_dataset/val/image/6507.jpg,0
FloodNet_dataset/val/image/7900.jpg,0
FloodNet_dataset/val/image/7576.jpg,1
FloodNet_dataset/val/image/8266.jpg,0
FloodNet_dataset/val/image/7217.jpg,0
FloodNet_dataset/val/image/8554.jpg,0
FloodNet_dataset/val/image/7237.jpg,0
FloodNet_dataset/val/image/6521.jpg,0
FloodNet_dataset/val/image/7599.jpg,1
FloodNet_dataset/val/image/7819.jpg,1
FloodNet_dataset/val/image/6949.jpg,1
FloodNet_dataset/val/image/10177.jpg,0
FloodNet_dataset/val/image/7656.jpg,0
FloodNet_dataset/val/image/8468.jpg,1
FloodNet_dataset/val/image/9364.jpg,1
FloodNet_dataset/val/image/6921.jpg,0
FloodNet_dataset/val/image/9048.jpg,0
FloodNet_dataset/val/image/7836.jpg,0
FloodNet_dataset/val/image/9313.jpg,0
FloodNet_dataset/val/image/10178.jpg,0
FloodNet_dataset/val/image/7286.jpg,1
FloodNet_dataset/val/image/7309.jpg,0
FloodNet_dataset/val/image/7683.jpg,0
FloodNet_dataset/val/image/6522.jpg,0
FloodNet_dataset/val/image/8509.jpg,0
FloodNet_dataset/val/image/6410.jpg,0
FloodNet_dataset/val/image/8503.jpg,0
FloodNet_dataset/val/image/7732.jpg,0
FloodNet_dataset/val/image/6942.jpg,0
FloodNet_dataset/val/image/7824.jpg,1
FloodNet_dataset/val/image/7435.jpg,1
FloodNet_dataset/val/image/6333.jpg,0
FloodNet_dataset/val/image/6392.jpg,0
FloodNet_dataset/val/image/8283.jpg,0
FloodNet_dataset/val/image/9726.jpg,0
FloodNet_dataset/val/image/7074.jpg,0
FloodNet_dataset/val/image/8300.jpg,0
FloodNet_dataset/val/image/6916.jpg,0
FloodNet_dataset/val/image/7012.jpg,0
FloodNet_dataset/val/image/7569.jpg,1
FloodNet_dataset/val/image/7578.jpg,1
FloodNet_dataset/val/image/6630.jpg,0
FloodNet_dataset/val/image/7663.jpg,0
FloodNet_dataset/val/image/6479.jpg,1
FloodNet_dataset/val/image/7116.jpg,0
FloodNet_dataset/val/image/7338.jpg,1
FloodNet_dataset/val/image/6434.jpg,0
FloodNet_dataset/val/image/7196.jpg,0
FloodNet_dataset/val/image/10173.jpg,0
FloodNet_dataset/val/image/6973.jpg,0
FloodNet_dataset/val/image/9460.jpg,1
FloodNet_dataset/val/image/6636.jpg,0
FloodNet_dataset/val/image/7598.jpg,1
FloodNet_dataset/val/image/8602.jpg,0
FloodNet_dataset/val/image/6357.jpg,0
FloodNet_dataset/val/image/7991.jpg,0
FloodNet_dataset/val/image/9746.jpg,0
FloodNet_dataset/val/image/7738.jpg,0
FloodNet_dataset/val/image/8097.jpg,0
FloodNet_dataset/val/image/6845.jpg,0
FloodNet_dataset/val/image/7613.jpg,1
FloodNet_dataset/val/image/8466.jpg,0
FloodNet_dataset/val/image/6626.jpg,0
FloodNet_dataset/val/image/10815.jpg,0
FloodNet_dataset/val/image/8519.jpg,0
FloodNet_dataset/val/image/7447.jpg,1
FloodNet_dataset/val/image/8896.jpg,0
FloodNet_dataset/val/image/6975.jpg,0
FloodNet_dataset/val/image/8435.jpg,0
FloodNet_dataset/val/image/8209.jpg,0
FloodNet_dataset/val/image/7667.jpg,0
FloodNet_dataset/val/image/8263.jpg,0
FloodNet_dataset/val/image/7093.jpg,0
FloodNet_dataset/val/image/8128.jpg,0
FloodNet_dataset/val/image/8113.jpg,0
FloodNet_dataset/val/image/7032.jpg,0
FloodNet_dataset/val/image/8985.jpg,0
FloodNet_dataset/val/image/7797.jpg,0
FloodNet_dataset/val/image/8474.jpg,0
FloodNet_dataset/val/image/8414.jpg,0
FloodNet_dataset/val/image/9097.jpg,0
FloodNet_dataset/val/image/8620.jpg,0
FloodNet_dataset/val/image/8787.jpg,1
FloodNet_dataset/val/image/6511.jpg,0
FloodNet_dataset/val/image/6694.jpg,1
FloodNet_dataset/val/image/8084.jpg,0
FloodNet_dataset/val/image/9352.jpg,1
FloodNet_dataset/val/image/7886.jpg,0
FloodNet_dataset/val/image/7912.jpg,0
FloodNet_dataset/val/image/6475.jpg,0
FloodNet_dataset/val/image/7699.jpg,1
FloodNet_dataset/val/image/6489.jpg,0
FloodNet_dataset/val/image/7610.jpg,1
FloodNet_dataset/val/image/8444.jpg,0
FloodNet_dataset/val/image/7373.jpg,1
FloodNet_dataset/val/image/7119.jpg,0
FloodNet_dataset/val/image/11484.jpg,0
FloodNet_dataset/val/image/8793.jpg,0
FloodNet_dataset/val/image/8188.jpg,0
FloodNet_dataset/val/image/6642.jpg,0
FloodNet_dataset/val/image/7649.jpg,0
FloodNet_dataset/val/image/7790.jpg,1
FloodNet_dataset/val/image/7992.jpg,0
FloodNet_dataset/val/image/8976.jpg,0
FloodNet_dataset/val/image/9923.jpg,0
FloodNet_dataset/val/image/7592.jpg,0
FloodNet_dataset/val/image/7687.jpg,0
FloodNet_dataset/val/image/7490.jpg,0
FloodNet_dataset/val/image/8513.jpg,0
FloodNet_dataset/val/image/7424.jpg,1
FloodNet_dataset/val/image/6781.jpg,0
FloodNet_dataset/val/image/8291.jpg,0
FloodNet_dataset/val/image/9057.jpg,0
FloodNet_dataset/val/image/8105.jpg,0
FloodNet_dataset/val/image/7716.jpg,0
FloodNet_dataset/val/image/6767.jpg,0
FloodNet_dataset/val/image/6937.jpg,0
FloodNet_dataset/val/image/7669.jpg,0
FloodNet_dataset/val/image/8903.jpg,0
FloodNet_dataset/val/image/7811.jpg,1
FloodNet_dataset/val/image/8979.jpg,0
FloodNet_dataset/val/image/7095.jpg,0
FloodNet_dataset/val/image/8944.jpg,0
FloodNet_dataset/val/image/7976.jpg,0
FloodNet_dataset/val/image/9102.jpg,0
FloodNet_dataset/val/image/7417.jpg,1
FloodNet_dataset/val/image/8257.jpg,0
FloodNet_dataset/val/image/6356.jpg,0
FloodNet_dataset/val/image/6428.jpg,0
FloodNet_dataset/val/image/8964.jpg,1
FloodNet_dataset/val/image/6840.jpg,0
FloodNet_dataset/val/image/7570.jpg,1
FloodNet_dataset/val/image/7371.jpg,1
FloodNet_dataset/val/image/6828.jpg,0
FloodNet_dataset/val/image/7519.jpg,1
FloodNet_dataset/val/image/8819.jpg,0
FloodNet_dataset/val/image/8788.jpg,0
FloodNet_dataset/val/image/9014.jpg,0
FloodNet_dataset/val/image/9041.jpg,0
FloodNet_dataset/val/image/6752.jpg,1
FloodNet_dataset/val/image/6801.jpg,0
FloodNet_dataset/val/image/6950.jpg,1
FloodNet_dataset/val/image/7200.jpg,0
FloodNet_dataset/val/image/8771.jpg,0
FloodNet_dataset/val/image/7642.jpg,0
FloodNet_dataset/val/image/8505.jpg,0
FloodNet_dataset/val/image/7104.jpg,0
FloodNet_dataset/val/image/8273.jpg,0
FloodNet_dataset/val/image/7204.jpg,0
FloodNet_dataset/val/image/7854.jpg,1
FloodNet_dataset/val/image/7159.jpg,0
FloodNet_dataset/val/image/8813.jpg,0
FloodNet_dataset/val/image/8954.jpg,0
FloodNet_dataset/val/image/6551.jpg,0
FloodNet_dataset/val/image/6480.jpg,1
FloodNet_dataset/val/image/6429.jpg,0
FloodNet_dataset/val/image/8035.jpg,0
FloodNet_dataset/val/image/6892.jpg,0
FloodNet_dataset/val/image/7190.jpg,0
FloodNet_dataset/val/image/6400.jpg,0
FloodNet_dataset/val/image/7860.jpg,0
FloodNet_dataset/val/image/8532.jpg,0
FloodNet_dataset/val/image/6423.jpg,0
FloodNet_dataset/val/image/7826.jpg,0
FloodNet_dataset/val/image/6650.jpg,0
FloodNet_dataset/val/image/9873.jpg,0
FloodNet_dataset/val/image/7432.jpg,1
FloodNet_dataset/val/image/8006.jpg,0
FloodNet_dataset/val/image/6380.jpg,0
FloodNet_dataset/val/image/8325.jpg,0
FloodNet_dataset/val/image/7351.jpg,1
FloodNet_dataset/val/image/10816.jpg,0
FloodNet_dataset/val/image/8997.jpg,0
FloodNet_dataset/val/image/9924.jpg,0
FloodNet_dataset/val/image/8323.jpg,0
FloodNet_dataset/val/image/7455.jpg,1
FloodNet_dataset/val/image/8289.jpg,0
FloodNet_dataset/val/image/10169.jpg,1
FloodNet_dataset/val/image/8353.jpg,0
FloodNet_dataset/val/image/6343.jpg,0
FloodNet_dataset/val/image/9888.jpg,0
FloodNet_dataset/val/image/7555.jpg,1
FloodNet_dataset/val/image/7793.jpg,0
FloodNet_dataset/val/image/7360.jpg,1
FloodNet_dataset/val/image/8591.jpg,0
FloodNet_dataset/val/image/6984.jpg,0
FloodNet_dataset/val/image/8333.jpg,0
FloodNet_dataset/val/image/8246.jpg,0
FloodNet_dataset/val/image/7218.jpg,0
FloodNet_dataset/val/image/7668.jpg,0
FloodNet_dataset/val/image/6741.jpg,0
FloodNet_dataset/val/image/8163.jpg,0
FloodNet_dataset/val/image/7846.jpg,0
FloodNet_dataset/val/image/7741.jpg,0
FloodNet_dataset/val/image/7197.jpg,1
FloodNet_dataset/val/image/6448.jpg,0
FloodNet_dataset/val/image/7416.jpg,1
FloodNet_dataset/val/image/8181.jpg,0
FloodNet_dataset/val/image/8079.jpg,0
FloodNet_dataset/val/image/9024.jpg,0
FloodNet_dataset/val/image/6396.jpg,0
FloodNet_dataset/val/image/8092.jpg,0
FloodNet_dataset/val/image/6740.jpg,1
FloodNet_dataset/val/image/8899.jpg,0
FloodNet_dataset/val/image/7607.jpg,0
FloodNet_dataset/val/image/7052.jpg,0
FloodNet_dataset/val/image/7588.jpg,1
FloodNet_dataset/val/image/6903.jpg,0
FloodNet_dataset/val/image/6631.jpg,0
FloodNet_dataset/val/image/6977.jpg,0
FloodNet_dataset/val/image/7262.jpg,1
FloodNet_dataset/val/image/7676.jpg,0
FloodNet_dataset/val/image/8019.jpg,0
FloodNet_dataset/val/image/6669.jpg,0
FloodNet_dataset/val/image/8772.jpg,0
FloodNet_dataset/val/image/8337.jpg,0
FloodNet_dataset/val/image/8220.jpg,0
FloodNet_dataset/val/image/8489.jpg,0
FloodNet_dataset/val/image/6366.jpg,0
FloodNet_dataset/val/image/8920.jpg,0
FloodNet_dataset/val/image/7572.jpg,1
FloodNet_dataset/val/image/6782.jpg,0
FloodNet_dataset/val/image/6791.jpg,0
FloodNet_dataset/val/image/7013.jpg,0
FloodNet_dataset/val/image/8285.jpg,0
FloodNet_dataset/val/image/9504.jpg,1
FloodNet_dataset/val/image/6500.jpg,0
FloodNet_dataset/val/image/6816.jpg,0
FloodNet_dataset/val/image/6609.jpg,0
FloodNet_dataset/val/image/7558.jpg,1
FloodNet_dataset/val/image/9893.jpg,0
FloodNet_dataset/val/image/8360.jpg,0
FloodNet_dataset/val/image/7030.jpg,0
FloodNet_dataset/val/image/8301.jpg,0
FloodNet_dataset/val/image/8218.jpg,0
FloodNet_dataset/val/image/7850.jpg,0
FloodNet_dataset/val/image/6508.jpg,0
FloodNet_dataset/val/image/6948.jpg,1
FloodNet_dataset/val/image/8779.jpg,0
FloodNet_dataset/val/image/7694.jpg,1
FloodNet_dataset/val/image/9005.jpg,0
FloodNet_dataset/val/image/6841.jpg,0
FloodNet_dataset/val/image/7062.jpg,0
FloodNet_dataset/val/image/6683.jpg,0
FloodNet_dataset/val/image/8782.jpg,0
FloodNet_dataset/val/image/7769.jpg,1
FloodNet_dataset/val/image/8204.jpg,0
FloodNet_dataset/val/image/6547.jpg,0
FloodNet_dataset/val/image/6817.jpg,0
FloodNet_dataset/val/image/7346.jpg,0
FloodNet_dataset/val/image/7421.jpg,1
FloodNet_dataset/val/image/7679.jpg,0
FloodNet_dataset/val/image/9347.jpg,1
FloodNet_dataset/val/image/6337.jpg,0
FloodNet_dataset/val/image/7409.jpg,1
FloodNet_dataset/val/image/6406.jpg,0
FloodNet_dataset/val/image/6503.jpg,0
FloodNet_dataset/val/image/8537.jpg,0
FloodNet_dataset/val/image/7779.jpg,1
FloodNet_dataset/val/image/10822.jpg,0
FloodNet_dataset/val/image/6515.jpg,0
FloodNet_dataset/val/image/8036.jpg,0
FloodNet_dataset/val/image/8238.jpg,0
FloodNet_dataset/val/image/6811.jpg,0
FloodNet_dataset/val/image/8992.jpg,0
FloodNet_dataset/val/image/6581.jpg,0
FloodNet_dataset/val/image/8990.jpg,0
FloodNet_dataset/val/image/6684.jpg,0
FloodNet_dataset/val/image/8596.jpg,0
FloodNet_dataset/val/image/8559.jpg,0
FloodNet_dataset/val/image/7020.jpg,0
FloodNet_dataset/val/image/8808.jpg,0
FloodNet_dataset/val/image/9020.jpg,0
FloodNet_dataset/val/image/8067.jpg,0
FloodNet_dataset/val/image/7734.jpg,0
FloodNet_dataset/val/image/6339.jpg,0
FloodNet_dataset/val/image/6897.jpg,0
FloodNet_dataset/val/image/8939.jpg,1
FloodNet_dataset/val/image/7234.jpg,0
FloodNet_dataset/val/image/7216.jpg,0
FloodNet_dataset/val/image/6539.jpg,0
FloodNet_dataset/val/image/7425.jpg,1
FloodNet_dataset/val/image/6634.jpg,0
FloodNet_dataset/val/image/8295.jpg,0
FloodNet_dataset/val/image/7274.jpg,1
FloodNet_dataset/val/image/7433.jpg,1
FloodNet_dataset/val/image/7742.jpg,0
FloodNet_dataset/val/image/7660.jpg,0
FloodNet_dataset/val/image/8897.jpg,0
FloodNet_dataset/val/image/8365.jpg,0
FloodNet_dataset/val/image/7608.jpg,1
FloodNet_dataset/val/image/7891.jpg,0
FloodNet_dataset/val/image/8296.jpg,0
FloodNet_dataset/val/image/6390.jpg,0
FloodNet_dataset/val/image/8191.jpg,0
FloodNet_dataset/val/image/9031.jpg,0
FloodNet_dataset/val/image/8534.jpg,0
FloodNet_dataset/val/image/7369.jpg,1
FloodNet_dataset/val/image/7516.jpg,0
FloodNet_dataset/val/image/7060.jpg,0
FloodNet_dataset/val/image/8950.jpg,0
FloodNet_dataset/val/image/7145.jpg,0
FloodNet_dataset/val/image/8331.jpg,0
FloodNet_dataset/val/image/6991.jpg,0
FloodNet_dataset/val/image/7483.jpg,1
FloodNet_dataset/val/image/9536.jpg,1
FloodNet_dataset/val/image/8078.jpg,0
FloodNet_dataset/val/image/7984.jpg,0
FloodNet_dataset/val/image/6861.jpg,0
FloodNet_dataset/val/image/8270.jpg,0
FloodNet_dataset/val/image/8144.jpg,0
FloodNet_dataset/val/image/8441.jpg,0
FloodNet_dataset/val/image/8050.jpg,0
FloodNet_dataset/val/image/7111.jpg,0
FloodNet_dataset/val/image/8268.jpg,0
FloodNet_dataset/val/image/7994.jpg,0
FloodNet_dataset/val/image/6674.jpg,0
FloodNet_dataset/val/image/7099.jpg,0
FloodNet_dataset/val/image/9882.jpg,0
FloodNet_dataset/val/image/7148.jpg,0
FloodNet_dataset/val/image/6894.jpg,0
FloodNet_dataset/val/image/7913.jpg,0
FloodNet_dataset/val/image/6932.jpg,0
FloodNet_dataset/val/image/10809.jpg,0
FloodNet_dataset/val/image/6598.jpg,1
FloodNet_dataset/val/image/8171.jpg,0
FloodNet_dataset/val/image/8941.jpg,1
FloodNet_dataset/val/image/7887.jpg,0
FloodNet_dataset/val/image/8054.jpg,0
FloodNet_dataset/val/image/6665.jpg,0
FloodNet_dataset/val/image/9051.jpg,0
FloodNet_dataset/val/image/8254.jpg,0
FloodNet_dataset/val/image/6596.jpg,0
FloodNet_dataset/val/image/6962.jpg,0
FloodNet_dataset/val/image/9016.jpg,0
FloodNet_dataset/val/image/8327.jpg,0
FloodNet_dataset/val/image/7352.jpg,1
FloodNet_dataset/val/image/9458.jpg,1
FloodNet_dataset/val/image/7173.jpg,0
