image,is_flooded
7951.jpg,0
7178.jpg,0
7606.jpg,1
7752.jpg,1
7727.jpg,0
6676.jpg,0
6678.jpg,0
7244.jpg,1
6451.jpg,1
8068.jpg,0
8344.jpg,0
6443.jpg,0
8498.jpg,0
8966.jpg,1
8785.jpg,0
6614.jpg,0
6540.jpg,0
7022.jpg,0
10835.jpg,1
8393.jpg,0
7025.jpg,0
6743.jpg,1
8286.jpg,0
9043.jpg,0
7374.jpg,1
7896.jpg,0
6974.jpg,0
8975.jpg,1
6369.jpg,0
8504.jpg,0
8207.jpg,0
7118.jpg,0
7979.jpg,0
7571.jpg,1
7602.jpg,1
9062.jpg,0
7862.jpg,1
6403.jpg,0
6654.jpg,0
9069.jpg,0
6714.jpg,1
9287.jpg,0
7188.jpg,0
7292.jpg,1
7305.jpg,0
9875.jpg,0
9000.jpg,0
6408.jpg,0
9511.jpg,1
7176.jpg,0
8164.jpg,0
8408.jpg,0
8311.jpg,0
7182.jpg,0
7648.jpg,0
8261.jpg,0
7427.jpg,1
8131.jpg,0
6348.jpg,0
10834.jpg,0
6909.jpg,0
6510.jpg,0
8820.jpg,0
8437.jpg,0
6373.jpg,0
7109.jpg,0
8221.jpg,0
7100.jpg,0
8024.jpg,0
6447.jpg,1
8020.jpg,0
7083.jpg,0
8173.jpg,0
6499.jpg,0
9103.jpg,0
8962.jpg,1
7665.jpg,0
9546.jpg,0
9064.jpg,0
8371.jpg,0
7864.jpg,1
7121.jpg,0
7879.jpg,0
8137.jpg,0
8260.jpg,0
8217.jpg,0
6742.jpg,1
8916.jpg,0
7363.jpg,1
7582.jpg,1
8473.jpg,0
10820.jpg,0
8029.jpg,0
7449.jpg,1
6603.jpg,1
8096.jpg,0
6646.jpg,0
8510.jpg,0
7428.jpg,1
6453.jpg,1
7722.jpg,1
8083.jpg,0
7319.jpg,1
7685.jpg,0
9105.jpg,0
7055.jpg,0
7096.jpg,0
7199.jpg,0
6437.jpg,0
9892.jpg,0
6818.jpg,0
7475.jpg,1
9085.jpg,0
8166.jpg,0
7021.jpg,0
6648.jpg,0
6685.jpg,0
7600.jpg,1
7189.jpg,0
6574.jpg,0
8175.jpg,0
6839.jpg,0
7725.jpg,1
9071.jpg,0
10179.jpg,0
8037.jpg,0
7210.jpg,0
6387.jpg,0
9059.jpg,0
8056.jpg,0
8003.jpg,0
7924.jpg,0
8352.jpg,0
8924.jpg,0
8900.jpg,0
7065.jpg,0
8247.jpg,0
7646.jpg,0
7659.jpg,0
9088.jpg,0
9086.jpg,0
7789.jpg,1
10810.jpg,0
7251.jpg,1
8538.jpg,0
6798.jpg,0
7751.jpg,1
7902.jpg,0
8288.jpg,0
7144.jpg,0
6913.jpg,0
6556.jpg,0
8167.jpg,0
8278.jpg,0
6625.jpg,0
7726.jpg,0
7187.jpg,0
9880.jpg,0
7917.jpg,0
6525.jpg,0
8599.jpg,0
8142.jpg,0
6969.jpg,0
7000.jpg,0
7728.jpg,0
7278.jpg,1
6849.jpg,0
7458.jpg,1
8506.jpg,0
7091.jpg,0
8638.jpg,0
6546.jpg,0
8479.jpg,0
7975.jpg,0
8280.jpg,0
8392.jpg,0
7945.jpg,0
7481.jpg,0
8588.jpg,0
8594.jpg,0
8659.jpg,0
6918.jpg,0
9115.jpg,0
8275.jpg,0
7753.jpg,1
7603.jpg,1
7884.jpg,0
6346.jpg,0
9003.jpg,0
6616.jpg,1
6368.jpg,0
6670.jpg,0
7436.jpg,1
6657.jpg,0
8430.jpg,0
7907.jpg,0
6549.jpg,0
8465.jpg,1
7842.jpg,0
6505.jpg,0
6560.jpg,0
7270.jpg,1
6860.jpg,0
6496.jpg,0
9278.jpg,0
6415.jpg,0
6719.jpg,1
8522.jpg,0
8122.jpg,0
7784.jpg,0
7489.jpg,1
7226.jpg,0
10825.jpg,0
8228.jpg,0
6832.jpg,0
6746.jpg,1
8093.jpg,0
8109.jpg,0
6710.jpg,1
8419.jpg,0
6708.jpg,0
6361.jpg,0
7609.jpg,1
6484.jpg,1
7236.jpg,0
8074.jpg,0
8805.jpg,0
6807.jpg,0
9718.jpg,0
10171.jpg,0
10836.jpg,1
6966.jpg,0
8783.jpg,0
7422.jpg,1
6681.jpg,0
6395.jpg,0
7345.jpg,1
8151.jpg,0
6935.jpg,0
6737.jpg,1
6347.jpg,0
8351.jpg,0
8432.jpg,0
7239.jpg,1
6660.jpg,0
8425.jpg,0
9066.jpg,0
7252.jpg,1
6372.jpg,0
8133.jpg,0
6374.jpg,0
9081.jpg,0
7950.jpg,0
6692.jpg,1
6960.jpg,0
7010.jpg,0
8255.jpg,0
8139.jpg,0
8536.jpg,0
8011.jpg,0
7962.jpg,0
8153.jpg,0
8969.jpg,1
6981.jpg,0
7439.jpg,0
7264.jpg,1
6552.jpg,0
6555.jpg,0
6995.jpg,0
8272.jpg,0
8277.jpg,0
8938.jpg,1
9162.jpg,0
10818.jpg,0
6364.jpg,0
6633.jpg,0
7905.jpg,0
8977.jpg,0
6689.jpg,0
8433.jpg,0
8319.jpg,0
8243.jpg,0
8185.jpg,1
8901.jpg,0
7028.jpg,0
8485.jpg,0
10840.jpg,0
6442.jpg,1
7115.jpg,0
6707.jpg,0
7151.jpg,0
7157.jpg,0
6967.jpg,0
8905.jpg,0
7131.jpg,0
9074.jpg,0
8370.jpg,0
7168.jpg,0
8597.jpg,0
8182.jpg,0
7754.jpg,1
7027.jpg,0
6953.jpg,1
7043.jpg,0
6411.jpg,0
6627.jpg,0
8481.jpg,0
8929.jpg,0
6748.jpg,1
7825.jpg,0
7696.jpg,1
7705.jpg,1
6985.jpg,0
8330.jpg,0
7996.jpg,0
8212.jpg,0
6803.jpg,0
8032.jpg,0
6463.jpg,0
8935.jpg,0
7653.jpg,0
7017.jpg,0
8931.jpg,0
8590.jpg,0
8475.jpg,1
7219.jpg,0
6639.jpg,0
7706.jpg,1
8545.jpg,0
8424.jpg,0
6947.jpg,0
9075.jpg,0
7474.jpg,1
7894.jpg,0
7175.jpg,0
8480.jpg,0
7429.jpg,1
8306.jpg,0
6397.jpg,0
7947.jpg,0
7709.jpg,1
8940.jpg,1
7594.jpg,1
7929.jpg,0
6564.jpg,0
7467.jpg,1
8770.jpg,0
7919.jpg,0
7849.jpg,0
6573.jpg,0
6454.jpg,1
6799.jpg,0
7697.jpg,1
7174.jpg,0
9007.jpg,0
8539.jpg,0
7336.jpg,1
8909.jpg,0
8415.jpg,0
7162.jpg,0
7354.jpg,1
9027.jpg,0
9079.jpg,0
7980.jpg,0
7987.jpg,0
8152.jpg,0
6398.jpg,0
9073.jpg,0
7601.jpg,1
7989.jpg,0
7815.jpg,1
8008.jpg,0
6855.jpg,0
7878.jpg,0
7918.jpg,0
7566.jpg,1
7127.jpg,0
8982.jpg,0
6713.jpg,0
8134.jpg,0
6459.jpg,1
6464.jpg,0
6667.jpg,0
7818.jpg,1
8077.jpg,0
8403.jpg,0
6934.jpg,0
10566.jpg,0
8297.jpg,0
6805.jpg,0
7285.jpg,1
8398.jpg,0
6773.jpg,0
6901.jpg,0
7545.jpg,0
8322.jpg,0
8405.jpg,0
9076.jpg,0
7719.jpg,0
8598.jpg,0
8051.jpg,0
7873.jpg,0
6756.jpg,1
7313.jpg,1
7546.jpg,0
6359.jpg,0
7078.jpg,0
6933.jpg,0
6376.jpg,0
8241.jpg,0
9876.jpg,0
8091.jpg,0
8172.jpg,0
7238.jpg,0
9063.jpg,0
7909.jpg,0
6651.jpg,0
7882.jpg,0
6666.jpg,0
7009.jpg,0
8374.jpg,0
8102.jpg,0
8951.jpg,0
7445.jpg,1
7520.jpg,1
7973.jpg,0
6393.jpg,0
8553.jpg,0
7258.jpg,1
7353.jpg,1
8416.jpg,0
6668.jpg,0
10828.jpg,0
6804.jpg,0
6727.jpg,1
6585.jpg,0
7146.jpg,0
6367.jpg,0
7760.jpg,1
7061.jpg,0
8385.jpg,0
8106.jpg,0
7768.jpg,1
8010.jpg,0
9723.jpg,0
6826.jpg,0
8002.jpg,0
7959.jpg,0
7664.jpg,0
7806.jpg,1
8484.jpg,0
8491.jpg,0
8065.jpg,0
8165.jpg,0
6673.jpg,0
6486.jpg,1
7195.jpg,0
8925.jpg,0
8973.jpg,1
6928.jpg,0
8148.jpg,0
7103.jpg,0
7858.jpg,1
7362.jpg,1
8496.jpg,0
8240.jpg,0
7526.jpg,1
6728.jpg,1
8149.jpg,0
6749.jpg,1
7589.jpg,1
6635.jpg,0
7108.jpg,0
9049.jpg,0
8507.jpg,0
7161.jpg,0
6899.jpg,0
7922.jpg,0
7735.jpg,0
7485.jpg,1
8317.jpg,0
8200.jpg,0
7256.jpg,1
7107.jpg,0
9353.jpg,1
8216.jpg,0
7163.jpg,0
8070.jpg,0
7038.jpg,0
8412.jpg,0
9099.jpg,0
6416.jpg,0
8276.jpg,0
8560.jpg,0
7920.jpg,0
6787.jpg,0
9026.jpg,0
9100.jpg,0
7703.jpg,1
7033.jpg,0
6461.jpg,1
6946.jpg,1
8177.jpg,0
7257.jpg,1
8253.jpg,0
6649.jpg,0
6421.jpg,0
8208.jpg,0
8014.jpg,0
8413.jpg,0
6365.jpg,0
8952.jpg,0
8210.jpg,0
9077.jpg,0
6477.jpg,1
8794.jpg,0
8615.jpg,0
7720.jpg,0
7796.jpg,0
8063.jpg,0
6739.jpg,1
7777.jpg,0
6846.jpg,0
8775.jpg,0
7164.jpg,0
6334.jpg,0
8299.jpg,0
9029.jpg,0
10817.jpg,0
8548.jpg,0
7916.jpg,0
8034.jpg,0
9019.jpg,0
7192.jpg,0
7908.jpg,0
6943.jpg,1
8463.jpg,0
8947.jpg,0
6857.jpg,0
7761.jpg,1
10811.jpg,0
8546.jpg,0
6829.jpg,0
8269.jpg,0
6779.jpg,0
7448.jpg,1
7552.jpg,1
6902.jpg,0
6563.jpg,0
6762.jpg,1
7287.jpg,1
8158.jpg,0
8587.jpg,0
7331.jpg,1
8911.jpg,0
6900.jpg,0
8445.jpg,0
7430.jpg,1
7177.jpg,0
8515.jpg,0
7731.jpg,0
8184.jpg,1
7266.jpg,1
6541.jpg,0
8923.jpg,0
6444.jpg,1
7102.jpg,0
7557.jpg,1
8527.jpg,0
7059.jpg,0
7322.jpg,1
7750.jpg,1
7064.jpg,0
6838.jpg,0
7574.jpg,1
8129.jpg,0
8791.jpg,0
7273.jpg,1
6528.jpg,0
7142.jpg,0
7686.jpg,0
6363.jpg,0
7523.jpg,1
8089.jpg,0
8225.jpg,0
7524.jpg,1
7788.jpg,1
7559.jpg,1
10821.jpg,0
8816.jpg,0
8777.jpg,0
6854.jpg,0
7981.jpg,0
7802.jpg,0
6501.jpg,0
9052.jpg,0
8482.jpg,0
8589.jpg,0
9887.jpg,0
7282.jpg,1
7272.jpg,1
7875.jpg,0
6512.jpg,0
8313.jpg,0
7357.jpg,1
6965.jpg,0
7998.jpg,0
7183.jpg,0
8493.jpg,0
7791.jpg,1
8061.jpg,0
7440.jpg,0
8438.jpg,0
8807.jpg,0
7585.jpg,1
8117.jpg,0
7712.jpg,1
6404.jpg,0
8531.jpg,0
6930.jpg,0
7462.jpg,1
7053.jpg,0
7764.jpg,1
6622.jpg,0
8110.jpg,0
7014.jpg,0
7895.jpg,0
8359.jpg,0
8264.jpg,0
7242.jpg,1
9106.jpg,0
6806.jpg,0
6808.jpg,0
6858.jpg,0
8803.jpg,0
6569.jpg,0
8488.jpg,0
8600.jpg,0
8502.jpg,0
6833.jpg,0
8420.jpg,0
8095.jpg,0
7018.jpg,0
7661.jpg,0
8312.jpg,0
9030.jpg,0
9040.jpg,0
7271.jpg,1
7156.jpg,0
7972.jpg,0
7366.jpg,1
6682.jpg,0
7418.jpg,1
7783.jpg,1
7828.jpg,0
6287.jpg,0
7597.jpg,1
8422.jpg,0
6375.jpg,0
6945.jpg,1
6456.jpg,1
9795.jpg,0
7459.jpg,1
8252.jpg,0
6335.jpg,0
7949.jpg,0
8000.jpg,0
7847.jpg,0
8492.jpg,0
7039.jpg,0
8348.jpg,0
7051.jpg,0
6926.jpg,0
8915.jpg,0
8604.jpg,0
6706.jpg,0
9351.jpg,1
7974.jpg,0
8321.jpg,0
8361.jpg,0
8334.jpg,0
10837.jpg,1
6535.jpg,0
9724.jpg,0
9015.jpg,0
8039.jpg,0
6544.jpg,0
6929.jpg,0
9072.jpg,0
7077.jpg,0
6843.jpg,0
7614.jpg,1
6613.jpg,0
8107.jpg,0
7181.jpg,0
8431.jpg,0
9093.jpg,0
8094.jpg,0
7798.jpg,0
8098.jpg,0
7344.jpg,1
8223.jpg,0
7454.jpg,1
6588.jpg,0
7547.jpg,0
7521.jpg,1
7321.jpg,1
8315.jpg,0
6422.jpg,0
9101.jpg,0
7488.jpg,1
7451.jpg,1
7006.jpg,0
8190.jpg,0
8357.jpg,0
11723.jpg,1
8804.jpg,0
9890.jpg,0
7809.jpg,1
7412.jpg,1
7110.jpg,0
6736.jpg,1
9110.jpg,0
8118.jpg,0
7767.jpg,1
6340.jpg,0
8087.jpg,0
8081.jpg,0
8426.jpg,0
7749.jpg,1
8030.jpg,0
8354.jpg,0
7372.jpg,1
7568.jpg,1
8057.jpg,0
8369.jpg,0
6478.jpg,1
6800.jpg,0
9558.jpg,0
9349.jpg,1
8196.jpg,0
7833.jpg,0
6351.jpg,0
6409.jpg,0
8085.jpg,0
6527.jpg,0
7868.jpg,0
9874.jpg,0
8099.jpg,0
8080.jpg,0
6658.jpg,0
8904.jpg,0
7044.jpg,0
8535.jpg,0
6911.jpg,0
8895.jpg,0
8490.jpg,0
6939.jpg,0
6783.jpg,0
8404.jpg,0
6853.jpg,0
7939.jpg,0
7807.jpg,1
10819.jpg,0
8442.jpg,0
8910.jpg,0
8986.jpg,0
6655.jpg,0
9089.jpg,0
10175.jpg,0
6438.jpg,0
10300.jpg,0
8996.jpg,0
8994.jpg,0
7167.jpg,0
8192.jpg,0
7682.jpg,0
6615.jpg,1
7702.jpg,1
8197.jpg,0
7843.jpg,0
8382.jpg,0
7857.jpg,1
8231.jpg,0
9023.jpg,0
8049.jpg,0
6338.jpg,0
7746.jpg,1
6644.jpg,0
7087.jpg,0
6712.jpg,1
8101.jpg,0
7289.jpg,1
7325.jpg,1
7377.jpg,1
6802.jpg,0
8366.jpg,0
7072.jpg,0
8274.jpg,0
7548.jpg,0
6384.jpg,0
7160.jpg,0
8980.jpg,1
9897.jpg,0
8410.jpg,0
7792.jpg,1
8963.jpg,1
7810.jpg,1
6516.jpg,0
7579.jpg,1
9036.jpg,0
8943.jpg,1
7775.jpg,0
10176.jpg,0
6492.jpg,0
8304.jpg,0
7932.jpg,0
7316.jpg,1
7375.jpg,1
6623.jpg,0
7045.jpg,0
7795.jpg,0
7123.jpg,0
7933.jpg,0
6597.jpg,0
6788.jpg,0
7766.jpg,1
7542.jpg,1
6986.jpg,0
7364.jpg,1
9061.jpg,0
8265.jpg,0
8043.jpg,0
6830.jpg,0
7774.jpg,1
6776.jpg,0
8135.jpg,0
7211.jpg,0
6608.jpg,0
9070.jpg,0
7800.jpg,0
8082.jpg,0
8009.jpg,0
7245.jpg,1
8472.jpg,0
6433.jpg,0
8161.jpg,0
7125.jpg,0
7859.jpg,1
6360.jpg,0
8224.jpg,0
8116.jpg,0
8551.jpg,0
7869.jpg,0
8512.jpg,1
7324.jpg,1
8249.jpg,0
6904.jpg,0
7525.jpg,1
9538.jpg,1
8234.jpg,0
8206.jpg,1
6399.jpg,0
8236.jpg,0
7845.jpg,0
10165.jpg,1
8469.jpg,0
6731.jpg,1
7580.jpg,1
10827.jpg,0
7931.jpg,0
8957.jpg,0
8955.jpg,0
9884.jpg,0
6891.jpg,0
7700.jpg,1
8242.jpg,0
6703.jpg,0
6957.jpg,0
7848.jpg,0
6770.jpg,0
7229.jpg,0
6534.jpg,0
7318.jpg,1
8375.jpg,0
7834.jpg,0
8552.jpg,0
6941.jpg,0
7612.jpg,0
6931.jpg,0
10166.jpg,1
7304.jpg,0
9144.jpg,1
6506.jpg,0
7463.jpg,1
7267.jpg,1
7306.jpg,0
7587.jpg,1
7088.jpg,0
9034.jpg,0
8042.jpg,0
6628.jpg,0
7948.jpg,0
8798.jpg,0
9896.jpg,0
6772.jpg,0
8833.jpg,0
6350.jpg,0
9083.jpg,0
6466.jpg,0
7477.jpg,1
8550.jpg,0
8974.jpg,1
8150.jpg,0
7678.jpg,0
7487.jpg,1
6812.jpg,0
6852.jpg,0
7714.jpg,0
7090.jpg,0
7786.jpg,0
7914.jpg,0
6431.jpg,0
7831.jpg,0
9025.jpg,0
6890.jpg,0
8326.jpg,0
7643.jpg,0
6970.jpg,0
7671.jpg,0
7739.jpg,0
6704.jpg,1
8928.jpg,0
6971.jpg,0
6750.jpg,1
8229.jpg,0
7855.jpg,1
8193.jpg,0
8521.jpg,0
8809.jpg,0
8047.jpg,0
6385.jpg,0
8933.jpg,0
7655.jpg,0
6993.jpg,0
8464.jpg,0
7098.jpg,0
7079.jpg,0
8407.jpg,0
6732.jpg,1
6701.jpg,1
8055.jpg,0
7765.jpg,1
7247.jpg,1
6435.jpg,0
10180.jpg,0
8477.jpg,0
7721.jpg,1
9885.jpg,0
6956.jpg,0
9108.jpg,0
8879.jpg,0
7194.jpg,0
7883.jpg,0
7128.jpg,0
9514.jpg,1
6994.jpg,0
8390.jpg,0
8967.jpg,1
7330.jpg,1
7844.jpg,0
8380.jpg,0
6538.jpg,0
8016.jpg,0
9087.jpg,0
7944.jpg,0
7691.jpg,0
8045.jpg,0
7681.jpg,0
7328.jpg,1
7015.jpg,0
6922.jpg,0
7036.jpg,0
6972.jpg,0
6999.jpg,0
6998.jpg,0
7575.jpg,1
8389.jpg,0
8381.jpg,0
6764.jpg,1
7050.jpg,0
7314.jpg,1
7953.jpg,0
6414.jpg,0
9094.jpg,0
7037.jpg,0
7214.jpg,0
7674.jpg,0
8394.jpg,0
6715.jpg,1
8294.jpg,0
6647.jpg,0
8145.jpg,0
7999.jpg,0
9877.jpg,0
8995.jpg,0
9065.jpg,0
7963.jpg,0
9879.jpg,0
8965.jpg,1
6738.jpg,1
9039.jpg,0
8075.jpg,0
8159.jpg,0
6455.jpg,1
9008.jpg,0
7212.jpg,0
6813.jpg,0
7124.jpg,0
7261.jpg,1
7230.jpg,0
10172.jpg,0
8053.jpg,0
7265.jpg,1
6842.jpg,0
7832.jpg,0
6964.jpg,0
8907.jpg,0
7801.jpg,0
8547.jpg,0
8436.jpg,0
6537.jpg,0
8501.jpg,0
6978.jpg,0
8387.jpg,0
7841.jpg,0
6531.jpg,0
6533.jpg,0
7046.jpg,0
6618.jpg,0
6332.jpg,0
6354.jpg,0
8998.jpg,0
7837.jpg,0
8282.jpg,0
7756.jpg,1
8796.jpg,0
7165.jpg,0
8497.jpg,0
8388.jpg,0
8232.jpg,0
8801.jpg,0
6465.jpg,0
8429.jpg,0
7971.jpg,0
7227.jpg,0
6734.jpg,1
7522.jpg,1
6386.jpg,0
8859.jpg,0
6530.jpg,0
7650.jpg,0
8271.jpg,0
6279.jpg,0
9725.jpg,0
6381.jpg,0
9053.jpg,0
6526.jpg,0
6591.jpg,0
7070.jpg,0
8605.jpg,0
8121.jpg,0
7312.jpg,0
7317.jpg,1
7560.jpg,1
6565.jpg,0
10826.jpg,0
6814.jpg,0
7865.jpg,1
8958.jpg,0
7466.jpg,1
8540.jpg,0
6755.jpg,1
7136.jpg,0
8248.jpg,0
8318.jpg,0
8052.jpg,0
10687.jpg,0
8529.jpg,0
8368.jpg,0
7170.jpg,0
8555.jpg,0
8230.jpg,0
6940.jpg,1
8443.jpg,0
7820.jpg,1
8298.jpg,0
9050.jpg,0
6745.jpg,1
9098.jpg,0
8968.jpg,1
7405.jpg,1
7867.jpg,0
8802.jpg,0
8143.jpg,0
8508.jpg,0
7097.jpg,0
8520.jpg,0
7977.jpg,0
7311.jpg,0
7662.jpg,0
7008.jpg,0
8222.jpg,0
7952.jpg,0
9346.jpg,0
6370.jpg,0
6936.jpg,0
7130.jpg,0
7171.jpg,0
8418.jpg,0
6427.jpg,0
8800.jpg,0
8033.jpg,0
8072.jpg,0
7737.jpg,0
7453.jpg,1
6992.jpg,0
8821.jpg,0
6358.jpg,0
9011.jpg,0
7460.jpg,1
7715.jpg,0
6600.jpg,0
6976.jpg,0
6595.jpg,0
6793.jpg,0
6919.jpg,0
10181.jpg,0
8345.jpg,0
6711.jpg,1
8060.jpg,0
8235.jpg,0
9343.jpg,0
6982.jpg,0
9010.jpg,0
6996.jpg,0
7147.jpg,0
7426.jpg,1
7718.jpg,1
7235.jpg,0
7201.jpg,0
8176.jpg,0
8251.jpg,0
7982.jpg,0
7688.jpg,0
7299.jpg,1
6388.jpg,0
8786.jpg,0
7290.jpg,1
7966.jpg,0
7332.jpg,1
8906.jpg,0
6908.jpg,0
7240.jpg,1
8244.jpg,0
7310.jpg,1
8284.jpg,0
8524.jpg,0
8406.jpg,0
8886.jpg,0
8500.jpg,0
10806.jpg,0
7923.jpg,0
8013.jpg,0
7893.jpg,0
7711.jpg,1
6543.jpg,0
7829.jpg,0
10184.jpg,0
7852.jpg,0
8483.jpg,0
6686.jpg,0
8342.jpg,0
8586.jpg,0
7748.jpg,1
8658.jpg,0
6617.jpg,0
6523.jpg,0
7567.jpg,1
8130.jpg,0
9895.jpg,0
6643.jpg,0
7787.jpg,0
7221.jpg,0
7861.jpg,0
6656.jpg,0
6914.jpg,0
6559.jpg,0
8205.jpg,1
6819.jpg,0
7958.jpg,0
6747.jpg,1
9084.jpg,0
7954.jpg,0
8774.jpg,0
8409.jpg,0
7872.jpg,0
6851.jpg,0
8256.jpg,0
8386.jpg,0
8921.jpg,0
7729.jpg,0
8971.jpg,1
7673.jpg,0
7713.jpg,0
6460.jpg,1
6407.jpg,0
7890.jpg,0
6716.jpg,1
6344.jpg,0
8978.jpg,0
6586.jpg,0
8953.jpg,0
6352.jpg,0
7693.jpg,1
10168.jpg,0
8417.jpg,0
8086.jpg,0
8305.jpg,0
7024.jpg,0
9898.jpg,0
7724.jpg,1
8984.jpg,0
7011.jpg,0
6997.jpg,0
7556.jpg,1
6760.jpg,1
9365.jpg,0
7830.jpg,0
7778.jpg,1
7641.jpg,1
7808.jpg,1
8822.jpg,0
9925.jpg,0
9513.jpg,1
8556.jpg,0
9017.jpg,0
7288.jpg,1
6645.jpg,0
7672.jpg,0
6341.jpg,0
7335.jpg,1
6548.jpg,0
8960.jpg,1
7340.jpg,1
6938.jpg,0
9095.jpg,0
7298.jpg,1
7293.jpg,1
8059.jpg,0
6820.jpg,0
8157.jpg,0
6402.jpg,0
7816.jpg,1
8141.jpg,0
7645.jpg,0
8470.jpg,0
8146.jpg,0
7452.jpg,1
8932.jpg,0
8517.jpg,0
8132.jpg,0
8823.jpg,0
7185.jpg,0
8038.jpg,0
8487.jpg,0
7263.jpg,1
6836.jpg,0
6859.jpg,0
6457.jpg,1
6426.jpg,0
7356.jpg,1
7925.jpg,0
8970.jpg,1
7003.jpg,0
6584.jpg,0
8956.jpg,0
6754.jpg,1
8400.jpg,0
8174.jpg,0
8526.jpg,0
7707.jpg,1
7243.jpg,1
8005.jpg,0
7901.jpg,0
6504.jpg,0
8202.jpg,0
6675.jpg,0
7184.jpg,0
6664.jpg,0
7186.jpg,0
8108.jpg,0
7573.jpg,1
9797.jpg,0
6824.jpg,0
8335.jpg,0
6687.jpg,0
7071.jpg,0
6481.jpg,0
9090.jpg,0
6520.jpg,0
6542.jpg,0
7193.jpg,0
7438.jpg,0
7205.jpg,1
6693.jpg,1
6763.jpg,1
8922.jpg,0
8281.jpg,0
9022.jpg,0
7082.jpg,0
9366.jpg,1
6424.jpg,0
6924.jpg,0
8516.jpg,0
7473.jpg,1
6413.jpg,0
7202.jpg,0
7073.jpg,0
6566.jpg,0
6640.jpg,0
8917.jpg,0
8411.jpg,0
9047.jpg,0
8226.jpg,0
8001.jpg,0
8267.jpg,0
7179.jpg,0
8119.jpg,0
9116.jpg,0
6498.jpg,0
7776.jpg,0
6601.jpg,1
6446.jpg,1
8320.jpg,0
8046.jpg,0
8245.jpg,0
6610.jpg,1
10170.jpg,0
7934.jpg,0
8336.jpg,0
7414.jpg,1
9345.jpg,1
7717.jpg,1
7675.jpg,0
6430.jpg,0
8044.jpg,0
7209.jpg,0
7469.jpg,1
6789.jpg,0
9796.jpg,0
7047.jpg,0
7677.jpg,0
7132.jpg,0
9459.jpg,1
8347.jpg,0
8593.jpg,0
6620.jpg,0
9894.jpg,0
6797.jpg,0
7086.jpg,0
7871.jpg,0
7094.jpg,0
7075.jpg,0
8427.jpg,0
8168.jpg,0
6379.jpg,0
9080.jpg,0
9078.jpg,0
9722.jpg,0
8914.jpg,0
6450.jpg,1
8379.jpg,0
8927.jpg,0
7910.jpg,0
6810.jpg,0
8090.jpg,0
6790.jpg,0
8227.jpg,0
8138.jpg,0
7892.jpg,0
6652.jpg,0
8918.jpg,0
7081.jpg,0
8818.jpg,0
7654.jpg,0
6458.jpg,1
9104.jpg,0
7770.jpg,1
7465.jpg,1
8817.jpg,0
6735.jpg,1
7472.jpg,1
7782.jpg,1
6580.jpg,0
7026.jpg,0
7965.jpg,0
7704.jpg,1
7434.jpg,1
7596.jpg,1
7736.jpg,0
6462.jpg,1
6513.jpg,0
10182.jpg,0
8350.jpg,0
7814.jpg,1
6509.jpg,0
8799.jpg,0
7410.jpg,1
7007.jpg,0
10841.jpg,0
8528.jpg,0
9028.jpg,0
6792.jpg,0
8987.jpg,0
6469.jpg,0
7222.jpg,0
7827.jpg,0
9033.jpg,0
8355.jpg,0
7049.jpg,0
9091.jpg,0
7692.jpg,1
6662.jpg,0
6592.jpg,0
6955.jpg,0
7967.jpg,0
6589.jpg,0
7225.jpg,0
8015.jpg,0
8423.jpg,0
8603.jpg,0
7122.jpg,0
7680.jpg,0
6968.jpg,0
